smiTemplateid4.xml,tadSyncid5id3.xml,false,3209-08-21T21:08:55.794,3209-08-30T09:35:22.159,735986365
smiTemplateid4.xml,tmi2.xml,false,3209-08-21T18:51:07.542,3209-08-30T17:13:23.777,771736235
tmi2.xml,tadSyncid2id4.xml,false,3209-08-21T21:03:07.195,3209-08-30T15:29:16.165,757568970
smiTemplateid4.xml,tadSyncid2id4.xml,false,3209-08-21T20:57:49.403,3209-08-30T19:22:58.582,771909179
smiTemplateid4.xml,tadSyncid3id4.xml,false,3209-08-21T21:18:41.206,3209-09-07T06:55:47.341,1417026135
tadSyncid2id4.xml,tadSyncid5id3.xml,false,3209-08-21T21:15:52.250,3209-09-07T18:13:18.005,1457845755
tmi2.xml,tadSyncid5id3.xml,false,3209-08-21T21:12:44.853,3209-09-07T21:11:55.875,1468751022
tmi2.xml,tadSyncid3id4.xml,false,3209-08-21T21:21:09.448,3209-09-08T13:42:48.787,1527699339
tadSyncid2id4.xml,tadSyncid3id4.xml,false,3209-08-21T21:23:21.331,3209-09-14T04:12:22.868,2011741537
smiTemplateid4.xml,tadSyncid0id4.xml,false,3209-08-21T21:29:26.236,3209-09-14T13:55:19.136,2046352900
tadSyncid5id3.xml,tadSyncid3id4.xml,false,3209-08-21T21:27:06.210,3209-09-14T15:56:10.342,2053744132
tmi2.xml,tadSyncid0id4.xml,false,3209-08-21T21:31:41.470,3209-09-15T06:16:30.822,2105089352
tadSyncid2id4.xml,tadSyncid0id4.xml,false,3209-08-21T21:33:52.547,3209-09-21T08:26:46.836,2631174289
tadSyncid5id3.xml,tadSyncid0id4.xml,false,3209-08-21T21:36:22.426,3209-09-21T08:54:28.990,2632686564
tadSyncid3id4.xml,tadSyncid0id4.xml,false,3209-08-21T21:38:40.071,3209-09-21T15:05:38.185,2654818114
smiTemplateid4.xml,tadSyncid1id4.xml,false,3209-08-21T21:40:57.975,3209-09-21T17:23:17.705,2662939730
tadSyncid5id3.xml,tadSyncid1id4.xml,false,3209-08-21T22:14:26.047,3209-09-28T12:38:03.628,3248617581
tadSyncid2id4.xml,tadSyncid1id4.xml,false,3209-08-21T22:05:38.274,3209-09-28T12:38:54.300,3249196026
tadSyncid3id4.xml,tadSyncid1id4.xml,false,3209-08-21T22:16:58.718,3209-09-28T16:04:58.360,3260879642
tmi2.xml,tadSyncid1id4.xml,false,3209-08-21T22:02:33.718,3209-09-28T16:42:58.134,3264024416
smiTemplateid4.xml,tadSyncid4id4.xml,false,3209-08-21T22:21:32.563,3209-10-04T07:39:27.085,3748674522
tadSyncid0id4.xml,tadSyncid1id4.xml,false,3209-08-21T22:19:06.626,3209-10-05T02:24:17.669,3816311043
tadSyncid2id4.xml,tadSyncid4id4.xml,false,3209-08-21T22:40:50.804,3209-10-05T03:53:11.597,3820340793
tmi2.xml,tadSyncid4id4.xml,false,3209-08-21T22:37:56.892,3209-10-05T08:18:15.149,3836418257
tadSyncid5id3.xml,tadSyncid4id4.xml,false,3209-08-21T22:43:06.615,3209-10-10T21:09:22.372,4314375757
tadSyncid1id4.xml,tadSyncid4id4.xml,false,3209-08-21T23:13:28.560,3209-10-11T20:58:28.189,4398299629
tadSyncid3id4.xml,tadSyncid4id4.xml,false,3209-08-21T22:45:22.041,3209-10-12T02:16:46.802,4419084761
tadSyncid0id4.xml,tadSyncid4id4.xml,false,3209-08-21T23:05:01.824,3209-10-12T02:26:04.366,4418462542
smiTemplateid4.xml,tmi13.xml,true,3209-08-21T23:32:19.833,3209-10-17T08:29:59.230,4870659397
tmi2.xml,tmi13.xml,false,3209-08-21T23:35:10.619,3209-10-17T18:56:28.017,4908077398
tadSyncid5id3.xml,tmi13.xml,false,3209-08-21T23:39:31.288,3209-10-18T18:06:59.338,4991248050
tadSyncid2id4.xml,tmi13.xml,false,3209-08-21T23:37:20.980,3209-10-18T20:52:30.969,5001309989
tadSyncid3id4.xml,tmi13.xml,false,3209-08-21T23:41:41.005,3209-10-24T02:35:03.985,5453602980
tadSyncid0id4.xml,tmi13.xml,false,3209-08-21T23:43:57.892,3209-10-24T15:23:27.040,5499569148
tadSyncid1id4.xml,tmi13.xml,false,3209-08-21T23:46:14.088,3209-10-25T07:24:54.917,5560720829
tadSyncid4id4.xml,tmi13.xml,false,3209-08-21T23:48:54.959,3209-10-25T18:46:07.356,5601432397
smiTemplateid4.xml,tmi1.xml,false,3209-08-21T23:51:22.019,3209-10-30T09:18:05.901,5999203882
tmi2.xml,tmi1.xml,false,3209-08-21T23:53:38.483,3209-11-01T00:35:49.897,6140531414
tadSyncid2id4.xml,tmi1.xml,false,3209-08-21T23:55:40.924,3209-11-01T10:54:28.185,6177527261
tadSyncid5id3.xml,tmi1.xml,false,3209-08-21T23:57:49.726,3209-11-01T16:33:18.550,6197728824
tadSyncid3id4.xml,tmi1.xml,false,3209-08-22T00:00:14.243,3209-11-06T11:10:46.586,6610232343
tadSyncid0id4.xml,tmi1.xml,false,3209-08-22T00:02:20.639,3209-11-08T06:51:28.324,6767347685
tadSyncid4id4.xml,tmi1.xml,false,3209-08-22T00:06:37.029,3209-11-08T08:46:24.514,6773987485
tadSyncid1id4.xml,tmi1.xml,false,3209-08-22T00:04:26.647,3209-11-08T13:37:21.809,6791575162
tmi13.xml,tmi1.xml,false,3209-08-22T00:09:18.488,3209-11-13T11:08:19.075,7214340587
smiTemplateid4.xml,tadSyncid5id0.xml,false,3209-08-22T00:12:05.337,3209-11-14T16:24:52.925,7319567588
tmi2.xml,tadSyncid5id0.xml,false,3209-08-22T00:14:11.785,3209-11-14T18:42:24.596,7327692811
tadSyncid2id4.xml,tadSyncid5id0.xml,false,3209-08-22T00:15:45.071,3209-11-15T03:49:57.817,7360452746
tadSyncid5id3.xml,tadSyncid5id0.xml,false,3209-08-22T00:17:19.107,3209-11-20T22:22:48.434,7859129327
tadSyncid0id4.xml,tadSyncid5id0.xml,false,3209-08-22T00:20:13.509,3209-11-21T09:35:37.847,7899324338
tadSyncid3id4.xml,tadSyncid5id0.xml,false,3209-08-22T00:18:46.719,3209-11-21T10:55:12.412,7904185693
tadSyncid1id4.xml,tadSyncid5id0.xml,false,3209-08-22T00:21:43.509,3209-11-21T12:53:03.839,7911080330
tmi1.xml,tadSyncid5id0.xml,false,3209-08-22T00:26:28.582,3209-12-01T05:48:10.928,8749302346
tadSyncid4id4.xml,tadSyncid5id0.xml,false,3209-08-22T00:23:22.047,3209-12-01T12:33:41.016,8773818969
tmi13.xml,tadSyncid5id0.xml,false,3209-08-22T00:25:00.130,3209-12-01T14:44:53.366,8781593236
smiTemplateid4.xml,smiTemplateid1.xml,false,3209-08-22T00:28:20.167,3209-12-01T18:18:12.613,8794192446
tmi2.xml,smiTemplateid1.xml,false,3209-08-22T00:30:10.947,3209-12-08T12:31:17.951,9378067004
tadSyncid2id4.xml,smiTemplateid1.xml,false,3209-08-22T00:31:55.984,3209-12-09T00:22:27.042,9420631058
tadSyncid5id3.xml,smiTemplateid1.xml,false,3209-08-22T00:33:46.280,3209-12-09T06:33:46.690,9442800410
tadSyncid3id4.xml,smiTemplateid1.xml,false,3209-08-22T00:35:34.121,3209-12-09T16:47:29.381,9479515260
tadSyncid1id4.xml,smiTemplateid1.xml,false,3209-08-22T00:39:24.404,3209-12-15T16:59:17.819,9998393415
tadSyncid0id4.xml,smiTemplateid1.xml,false,3209-08-22T00:37:25.970,3209-12-16T02:23:18.155,10032352185
tadSyncid4id4.xml,smiTemplateid1.xml,false,3209-08-22T00:41:35.630,3209-12-16T15:35:38.943,10079643313
tmi13.xml,smiTemplateid1.xml,false,3209-08-22T00:43:35.333,3209-12-17T01:20:30.312,10114614979
tadSyncid5id0.xml,smiTemplateid1.xml,false,3209-08-22T00:47:25.981,3209-12-22T13:45:44.322,10591098341
smiTemplateid4.xml,tadSyncid3id0.xml,false,3209-08-22T00:49:26.533,3209-12-22T22:53:01.253,10623814720
tmi1.xml,smiTemplateid1.xml,false,3209-08-22T00:45:30.384,3209-12-23T09:55:22.120,10663791736
tmi2.xml,tadSyncid3id0.xml,false,3209-08-22T00:51:28.932,3209-12-24T02:23:18.161,10722709229
tadSyncid2id4.xml,tadSyncid3id0.xml,false,3209-08-22T00:53:18.612,3209-12-30T02:27:24.094,11241245482
tadSyncid5id3.xml,tadSyncid3id0.xml,false,3209-08-22T00:55:17.455,3209-12-30T04:14:00.949,11247523494
tadSyncid3id4.xml,tadSyncid3id0.xml,false,3209-08-22T00:57:10.922,3209-12-30T08:27:59.606,11262648684
tadSyncid0id4.xml,tadSyncid3id0.xml,false,3209-08-22T00:59:03.980,3209-12-31T05:17:35.784,11337511804
tadSyncid4id4.xml,tadSyncid3id0.xml,false,3209-08-22T01:02:48.185,3210-01-05T22:53:23.032,11832634847
tmi13.xml,tadSyncid3id0.xml,false,3209-08-22T01:04:40.728,3210-01-06T04:55:44.981,11854264253
tadSyncid1id4.xml,tadSyncid3id0.xml,false,3209-08-22T01:00:55.716,3210-01-06T13:06:38.990,11883943274
tmi1.xml,tadSyncid3id0.xml,false,3209-08-22T01:08:32.115,3210-01-07T04:04:05.078,11937332963
tadSyncid5id0.xml,tadSyncid3id0.xml,false,3209-08-22T01:11:03.330,3210-01-13T00:07:59.618,12441416288
smiTemplateid1.xml,tadSyncid3id0.xml,false,3209-08-22T01:13:02.891,3210-01-13T07:05:26.595,12466343704
smiTemplateid4.xml,tadSyncid5id5.xml,false,3209-08-22T01:15:07.475,3210-01-13T09:57:11.545,12476524070
tmi2.xml,tadSyncid5id5.xml,false,3209-08-22T01:17:15.744,3210-01-13T18:39:36.374,12507740630
tadSyncid2id4.xml,tadSyncid5id5.xml,false,3209-08-22T01:19:22.393,3210-01-20T11:34:13.154,13086890761
tadSyncid5id3.xml,tadSyncid5id5.xml,false,3209-08-22T01:21:36.138,3210-01-20T13:35:01.866,13094005728
tadSyncid3id4.xml,tadSyncid5id5.xml,false,3209-08-22T01:23:36.580,3210-01-20T20:17:40.942,13118044362
tadSyncid0id4.xml,tadSyncid5id5.xml,false,3209-08-22T01:25:45.573,3210-01-21T06:36:21.939,13155036366
tadSyncid4id4.xml,tadSyncid5id5.xml,false,3209-08-22T01:29:34.337,3210-01-27T04:49:37.048,13666802711
tmi13.xml,tadSyncid5id5.xml,false,3209-08-22T04:16:22.030,3210-01-27T10:46:15.236,13678193206
tadSyncid1id4.xml,tadSyncid5id5.xml,false,3209-08-22T01:27:38.883,3210-01-27T11:01:49.745,13689250862
tmi1.xml,tadSyncid5id5.xml,false,3209-08-22T04:19:19.507,3210-01-27T13:11:43.369,13686743862
tadSyncid5id0.xml,tadSyncid5id5.xml,false,3209-08-22T04:21:23.406,3210-02-02T23:18:37.653,14241434247
smiTemplateid4.xml,tadSyncid2id0.xml,false,3209-08-22T04:27:04.989,3210-02-03T08:09:10.310,14272925321
tadSyncid3id0.xml,tadSyncid5id5.xml,false,3209-08-22T04:25:07.384,3210-02-03T09:47:35.541,14278948157
smiTemplateid1.xml,tadSyncid5id5.xml,false,3209-08-22T04:23:12.998,3210-02-03T19:48:41.744,14315128746
tmi2.xml,tadSyncid2id0.xml,false,3209-08-22T04:28:52.843,3210-02-10T08:05:53.299,14877420456
tadSyncid2id4.xml,tadSyncid2id0.xml,false,3209-08-22T04:30:36.215,3210-02-10T11:26:41.852,14889365637
tadSyncid5id3.xml,tadSyncid2id0.xml,false,3209-08-22T04:32:16.881,3210-02-10T17:39:15.084,14911618203
tadSyncid3id4.xml,tadSyncid2id0.xml,false,3209-08-22T04:34:00.865,3210-02-10T20:18:52.114,14921091249
tadSyncid1id4.xml,tadSyncid2id0.xml,false,3209-08-22T04:37:35.500,3210-02-17T23:55:19.226,15538663726
tmi13.xml,tadSyncid2id0.xml,false,3209-08-22T04:41:16.504,3210-02-18T01:49:42.769,15545306265
tadSyncid4id4.xml,tadSyncid2id0.xml,false,3209-08-22T04:39:20.826,3210-02-18T03:20:01.619,15550840793
tadSyncid0id4.xml,tadSyncid2id0.xml,false,3209-08-22T04:35:43.692,3210-02-18T03:20:09.792,15551066100
tadSyncid5id0.xml,tadSyncid2id0.xml,false,3209-08-22T04:44:36.986,3210-02-25T02:30:08.670,16152331684
smiTemplateid1.xml,tadSyncid2id0.xml,false,3209-08-22T04:46:27.728,3210-02-25T03:03:31.337,16154223609
tmi1.xml,tadSyncid2id0.xml,false,3209-08-22T04:43:02.511,3210-02-25T05:00:47.826,16161465315
tadSyncid3id0.xml,tadSyncid2id0.xml,false,3209-08-22T04:48:07.659,3210-02-25T08:02:40.301,16172072642
smiTemplateid4.xml,tadSyncid1id5.xml,false,3209-08-22T04:51:46.124,3210-03-03T07:17:43.339,16687557215
tadSyncid5id5.xml,tadSyncid2id0.xml,false,3209-08-22T04:49:57.477,3210-03-03T17:53:24.949,16725807472
tadSyncid2id4.xml,tadSyncid1id5.xml,false,3209-08-22T04:55:11.708,3210-03-03T20:13:52.276,16733920568
tmi2.xml,tadSyncid1id5.xml,false,3209-08-22T04:53:31.139,3210-03-03T23:43:40.699,16746609560
tadSyncid5id3.xml,tadSyncid1id5.xml,false,3209-08-22T04:56:53.747,3210-03-09T11:08:05.926,17219472179
tadSyncid3id4.xml,tadSyncid1id5.xml,false,3209-08-22T04:58:33.989,3210-03-10T23:33:31.658,17350497669
tadSyncid1id4.xml,tadSyncid1id5.xml,false,3209-08-22T05:02:02.133,3210-03-11T02:20:16.326,17360294193
tadSyncid0id4.xml,tadSyncid1id5.xml,false,3209-08-22T05:00:18.642,3210-03-11T02:41:21.959,17361663317
tadSyncid4id4.xml,tadSyncid1id5.xml,false,3209-08-22T05:03:38.505,3210-03-15T14:30:21.240,17749602735
tadSyncid5id0.xml,tadSyncid1id5.xml,false,3209-08-22T05:08:25.740,3210-03-17T20:08:12.432,17942386692
tmi13.xml,tadSyncid1id5.xml,false,3209-08-22T05:05:13.619,3210-03-18T01:01:37.333,17960183714
tmi1.xml,tadSyncid1id5.xml,false,3209-08-22T05:06:51.316,3210-03-18T01:23:30.751,17961399435
smiTemplateid1.xml,tadSyncid1id5.xml,false,3209-08-22T05:09:59.156,3210-03-23T17:06:43.342,18449804186
tadSyncid5id5.xml,tadSyncid1id5.xml,false,3209-08-22T05:13:01.854,3210-03-25T19:55:46.970,18632565116
tadSyncid2id0.xml,tadSyncid1id5.xml,false,3209-08-22T05:14:39.464,3210-03-25T20:36:03.153,18634883689
tadSyncid3id0.xml,tadSyncid1id5.xml,false,3209-08-22T05:11:30.800,3210-03-26T03:01:43.562,18658212762
smiTemplateid4.xml,tadSyncid0id0.xml,false,3209-08-22T05:16:13.410,3210-03-31T08:57:42.988,19107689578
tadSyncid5id3.xml,tadSyncid0id0.xml,false,3209-08-22T05:24:01.094,3210-04-02T07:11:15.743,19273634649
tmi2.xml,tadSyncid0id0.xml,false,3209-08-22T05:20:38.806,3210-04-02T07:53:03.704,19276344898
tadSyncid2id4.xml,tadSyncid0id0.xml,false,3209-08-22T05:22:17.914,3210-04-02T08:47:40.115,19279522201
tadSyncid3id4.xml,tadSyncid0id0.xml,false,3209-08-22T05:25:43.547,3210-04-06T18:11:28.841,19658745294
tadSyncid1id4.xml,tadSyncid0id0.xml,false,3209-08-22T05:31:33.032,3210-04-08T21:40:15.988,19843722956
tadSyncid4id4.xml,tadSyncid0id0.xml,false,3209-08-22T05:33:22.313,3210-04-08T23:38:25.121,19850702808
tadSyncid0id4.xml,tadSyncid0id0.xml,false,3209-08-22T05:28:44.434,3210-04-09T03:04:49.278,19863364844
tmi13.xml,tadSyncid0id0.xml,false,3209-08-22T05:35:18.414,3210-04-13T08:38:47.976,20228609562
tmi1.xml,tadSyncid0id0.xml,false,3209-08-22T05:36:50.323,3210-04-15T22:47:57.996,20452267673
tadSyncid5id0.xml,tadSyncid0id0.xml,false,3209-08-22T05:38:16.320,3210-04-16T00:31:55.827,20458419507
smiTemplateid1.xml,tadSyncid0id0.xml,false,3209-08-22T05:39:41.097,3210-04-16T12:16:13.634,20500592537
tadSyncid3id0.xml,tadSyncid0id0.xml,false,3209-08-22T05:41:07.004,3210-04-20T05:59:54.676,20823527672
tadSyncid5id5.xml,tadSyncid0id0.xml,false,3209-08-22T05:42:31.633,3210-04-23T03:03:11.047,21072039414
tadSyncid2id0.xml,tadSyncid0id0.xml,false,3209-08-22T05:43:54.938,3210-04-23T14:24:21.046,21112826108
tadSyncid1id5.xml,tadSyncid0id0.xml,false,3209-08-22T05:45:17.260,3210-04-23T16:45:38.126,21121220866
smiTemplateid4.xml,tadSyncid1id0.xml,false,3209-08-22T05:46:42.594,3210-04-26T12:21:38.877,21364496283
tmi2.xml,tadSyncid1id0.xml,false,3209-08-22T05:48:16.456,3210-04-30T05:27:25.037,21685148581
tadSyncid5id3.xml,tadSyncid1id0.xml,false,3209-08-22T05:51:07.466,3210-04-30T15:27:19.273,21720971807
tadSyncid2id4.xml,tadSyncid1id0.xml,false,3209-08-22T05:49:41.247,3210-04-30T17:57:58.689,21730097442
tadSyncid3id4.xml,tadSyncid1id0.xml,false,3209-08-22T05:52:32.673,3210-05-03T18:37:35.134,21991502461
tadSyncid0id4.xml,tadSyncid1id0.xml,false,3209-08-22T05:53:56.178,3210-05-07T09:48:21.187,22305265009
tadSyncid1id4.xml,tadSyncid1id0.xml,false,3209-08-22T05:55:20.386,3210-05-07T15:02:21.181,22324020795
tadSyncid4id4.xml,tadSyncid1id0.xml,false,3209-08-22T05:56:55.171,3210-05-07T21:08:36.802,22345901631
tmi13.xml,tadSyncid1id0.xml,false,3209-08-22T05:58:18.099,3210-05-10T17:13:28.254,22590910155
tadSyncid5id0.xml,tadSyncid1id0.xml,false,3209-08-22T06:01:05.362,3210-05-14T12:53:26.674,22920741312
smiTemplateid1.xml,tadSyncid1id0.xml,false,3209-08-22T06:02:35.748,3210-05-14T23:47:04.680,22959868932
tmi1.xml,tadSyncid1id0.xml,false,3209-08-22T05:59:39.710,3210-05-15T00:16:25.120,22961805410
tadSyncid3id0.xml,tadSyncid1id0.xml,false,3209-08-22T06:03:55.747,3210-05-17T16:32:49.745,23192933998
tadSyncid5id5.xml,tadSyncid1id0.xml,false,3209-08-22T06:05:20.784,3210-05-21T22:23:41.507,23559500723
tadSyncid2id0.xml,tadSyncid1id0.xml,false,3209-08-22T06:06:47.548,3210-05-22T02:10:38.229,23573030681
tadSyncid1id5.xml,tadSyncid1id0.xml,false,3209-08-22T06:08:13.988,3210-05-22T02:10:40.476,23572946488
tadSyncid0id0.xml,tadSyncid1id0.xml,false,3209-08-22T06:09:36.582,3210-05-24T14:13:11.674,23789015092
tadSyncid2id4.xml,tadSyncid0id5.xml,false,3209-08-22T06:14:13.396,3210-05-28T17:35:00.301,24146446905
smiTemplateid4.xml,tadSyncid0id5.xml,false,3209-08-22T06:10:57.648,3210-05-28T23:44:19.370,24168801722
tmi2.xml,tadSyncid0id5.xml,false,3209-08-22T06:12:22.222,3210-05-29T00:15:21.686,24170579464
tadSyncid5id3.xml,tadSyncid0id5.xml,false,3209-08-22T06:16:12.659,3210-05-31T06:22:35.819,24365183160
tadSyncid3id4.xml,tadSyncid0id5.xml,false,3209-08-22T06:17:46.392,3210-06-04T06:21:27.912,24710621520
tadSyncid1id4.xml,tadSyncid0id5.xml,false,3209-08-22T06:20:45.966,3210-06-04T22:35:41.014,24768895048
tadSyncid0id4.xml,tadSyncid0id5.xml,false,3209-08-22T06:19:24.199,3210-06-04T23:14:10.659,24771286460
tadSyncid4id4.xml,tadSyncid0id5.xml,false,3209-08-22T06:22:14.357,3210-06-07T05:28:32.291,24966377934
tmi13.xml,tadSyncid0id5.xml,false,3209-08-22T06:23:37.434,3210-06-10T20:13:30.335,25278592901
tmi1.xml,tadSyncid0id5.xml,false,3209-08-22T06:24:57.342,3210-06-11T21:41:30.050,25370192708
tadSyncid5id0.xml,tadSyncid0id5.xml,false,3209-08-22T06:26:16.629,3210-06-12T00:01:18.693,25378502064
smiTemplateid1.xml,tadSyncid0id5.xml,false,3209-08-22T06:27:43.616,3210-06-14T06:07:14.008,25573170392
tadSyncid3id0.xml,tadSyncid0id5.xml,false,3209-08-22T06:29:03.645,3210-06-18T12:22:16.769,25941193124
tadSyncid5id5.xml,tadSyncid0id5.xml,false,3209-08-22T06:30:30.167,3210-06-18T16:17:29.045,25955218878
tadSyncid2id0.xml,tadSyncid0id5.xml,false,3209-08-22T06:31:49.721,3210-06-19T04:53:12.051,26000482330
tadSyncid1id5.xml,tadSyncid0id5.xml,false,3209-08-22T06:40:52.583,3210-06-21T23:09:11.782,26238499199
tadSyncid0id0.xml,tadSyncid0id5.xml,false,3209-08-22T06:43:38.194,3210-06-25T21:56:52.139,26579593945
tadSyncid1id0.xml,tadSyncid0id5.xml,false,3209-08-22T06:45:42.369,3210-06-26T00:14:52.545,26587750176
smiTemplateid4.xml,tmi10.xml,false,3209-08-22T06:47:07.812,3210-06-26T03:42:08.729,26600100917
tmi2.xml,tmi10.xml,false,3209-08-22T06:48:29.013,3210-06-29T00:14:43.442,26846774429
tadSyncid5id3.xml,tmi10.xml,false,3209-08-22T06:51:05.798,3210-07-03T04:49:46.874,27208721076
tadSyncid2id4.xml,tmi10.xml,false,3209-08-22T06:49:47.420,3210-07-03T05:30:30.307,27211242887
tadSyncid3id4.xml,tmi10.xml,false,3209-08-22T06:52:21.955,3210-07-03T08:33:43.896,27222081941
tadSyncid0id4.xml,tmi10.xml,false,3209-08-22T06:53:37.859,3210-07-06T03:35:38.512,27463320653
tadSyncid4id4.xml,tmi10.xml,false,3209-08-22T06:56:11.719,3210-07-10T00:49:40.068,27798808349
tadSyncid1id4.xml,tmi10.xml,false,3209-08-22T06:54:55.452,3210-07-10T03:49:27.702,27809672250
tmi13.xml,tmi10.xml,false,3209-08-22T06:57:43.111,3210-07-10T06:13:53.510,27818170399
tmi1.xml,tmi10.xml,false,3209-08-22T06:59:09.129,3210-07-12T12:59:08.939,28015199810
tadSyncid5id0.xml,tmi10.xml,false,3209-08-22T07:00:33.846,3210-07-17T08:15:54.903,28430121057
tadSyncid3id0.xml,tmi10.xml,false,3209-08-22T07:03:25.086,3210-07-17T12:39:46.951,28445781865
smiTemplateid1.xml,tmi10.xml,false,3209-08-22T07:02:05.813,3210-07-17T18:31:29.582,28466963769
tadSyncid5id5.xml,tmi10.xml,false,3209-08-22T07:04:41.648,3210-07-19T16:09:52.610,28631110962
tadSyncid1id5.xml,tmi10.xml,false,3209-08-22T07:07:18.403,3210-07-24T00:35:51.125,29006912722
tadSyncid2id0.xml,tmi10.xml,false,3209-08-22T07:05:58.107,3210-07-24T04:32:09.393,29021171286
tadSyncid0id0.xml,tmi10.xml,false,3209-08-22T07:08:36.223,3210-07-24T07:32:07.847,29031811624
tadSyncid1id0.xml,tmi10.xml,false,3209-08-22T07:09:54.798,3210-07-26T11:43:53.628,29219638830
smiTemplateid4.xml,cxs1.xml,false,3209-08-22T07:12:34.928,3210-07-30T16:08:39.606,29580964678
tadSyncid0id5.xml,tmi10.xml,false,3209-08-22T07:11:17.597,3210-07-30T16:21:29.843,29581812246
tmi2.xml,cxs1.xml,false,3209-08-22T07:13:53.903,3210-07-31T07:09:07.454,29634913551
tadSyncid2id4.xml,cxs1.xml,false,3209-08-22T07:15:12.344,3210-08-02T04:03:01.833,29796469489
tadSyncid3id4.xml,cxs1.xml,false,3209-08-22T07:17:50.422,3210-08-06T13:48:59.738,30177069316
tadSyncid5id3.xml,cxs1.xml,false,3209-08-22T07:16:31.549,3210-08-06T14:57:11.801,30181240252
tadSyncid0id4.xml,cxs1.xml,false,3209-08-22T07:19:14.101,3210-08-07T10:59:58.617,30253244516
tadSyncid1id4.xml,cxs1.xml,false,3209-08-22T07:20:32.829,3210-08-09T03:25:11.850,30398679021
tmi13.xml,cxs1.xml,false,3209-08-22T07:23:08.506,3210-08-13T10:16:24.094,30768795588
tadSyncid4id4.xml,cxs1.xml,false,3209-08-22T07:21:50.987,3210-08-13T19:19:42.422,30801471435
tmi1.xml,cxs1.xml,false,3209-08-22T07:24:22.976,3210-08-14T01:21:28.862,30823025886
tadSyncid5id0.xml,cxs1.xml,false,3209-08-22T07:25:41.648,3210-08-16T05:10:03.468,31009461820
smiTemplateid1.xml,cxs1.xml,false,3209-08-22T07:27:01.122,3210-08-20T22:30:10.530,31417389408
tadSyncid3id0.xml,cxs1.xml,false,3209-08-22T07:28:20.863,3210-08-21T05:51:00.544,31443759681
tadSyncid5id5.xml,cxs1.xml,false,3209-08-22T07:29:41.945,3210-08-21T16:46:08.509,31482986564
tadSyncid2id0.xml,cxs1.xml,false,3209-08-22T07:31:02.406,3210-08-23T10:35:30.465,31633468059
tadSyncid1id5.xml,cxs1.xml,false,3209-08-22T07:32:25.347,3210-08-27T19:56:19.071,32012633724
tadSyncid0id0.xml,cxs1.xml,false,3209-08-22T07:33:53.409,3210-08-28T02:20:40.824,32035607415
tadSyncid1id0.xml,cxs1.xml,false,3209-08-22T07:35:14.861,3210-08-28T14:08:30.476,32077995615
tadSyncid0id5.xml,cxs1.xml,false,3209-08-22T07:36:44.038,3210-08-30T14:59:28.721,32253764683
tmi10.xml,cxs1.xml,false,3209-08-22T07:38:04.965,3210-09-03T02:15:00.586,32553415621
smiTemplateid4.xml,tadSyncid5id1.xml,false,3209-08-22T07:39:27.905,3210-09-03T20:53:45.891,32620457986
tmi2.xml,tadSyncid5id1.xml,false,3209-08-22T07:42:08.485,3210-09-04T04:09:27.448,32646438963
tadSyncid2id4.xml,tadSyncid5id1.xml,false,3209-08-22T07:43:34.211,3210-09-06T01:51:39.127,32810884916
tadSyncid5id3.xml,tadSyncid5id1.xml,false,3209-08-22T07:44:56.446,3210-09-09T20:47:00.929,33138124483
tadSyncid0id4.xml,tadSyncid5id1.xml,false,3209-08-22T07:47:39.716,3210-09-11T04:32:21.073,33252281357
tadSyncid3id4.xml,tadSyncid5id1.xml,false,3209-08-22T07:46:17.896,3210-09-11T08:50:42.592,33267864696
tadSyncid1id4.xml,tadSyncid5id1.xml,false,3209-08-22T07:49:06.706,3210-09-13T04:07:34.449,33423507743
tadSyncid4id4.xml,tadSyncid5id1.xml,false,3209-08-22T07:50:31.891,3210-09-16T22:40:08.438,33749376547
tmi1.xml,tadSyncid5id1.xml,false,3209-08-22T07:53:51.200,3210-09-17T10:53:58.946,33793207746
tmi13.xml,tadSyncid5id1.xml,false,3209-08-22T07:51:58.479,3210-09-17T21:35:14.897,33831796418
tadSyncid5id0.xml,tadSyncid5id1.xml,false,3209-08-22T07:55:16.350,3210-09-19T20:43:30.433,34001294083
smiTemplateid1.xml,tadSyncid5id1.xml,false,3209-08-22T07:56:37.838,3210-09-24T05:47:25.680,34379447842
tadSyncid3id0.xml,tadSyncid5id1.xml,false,3209-08-22T07:57:58.701,3210-09-24T21:07:26.485,34434567784
tadSyncid5id5.xml,tadSyncid5id1.xml,false,3209-08-22T07:59:17.270,3210-09-25T07:28:08.353,34471731083
tadSyncid2id0.xml,tadSyncid5id1.xml,false,3209-08-22T08:00:38.530,3210-09-27T06:31:31.192,34641052662
tadSyncid1id5.xml,tadSyncid5id1.xml,false,3209-08-22T08:01:59.841,3210-10-01T00:52:24.330,34966224489
tadSyncid0id0.xml,tadSyncid5id1.xml,false,3209-08-22T08:03:19.458,3210-10-01T10:56:57.651,35002418193
tadSyncid1id0.xml,tadSyncid5id1.xml,false,3209-08-22T08:04:38.889,3210-10-02T17:17:46.857,35111587968
tadSyncid0id5.xml,tadSyncid5id1.xml,false,3209-08-22T08:05:59.174,3210-10-04T05:53:47.432,35243268258
tmi10.xml,tadSyncid5id1.xml,false,3209-08-22T08:07:19.719,3210-10-09T01:53:10.946,35660751227
cxs1.xml,tadSyncid5id1.xml,false,3209-08-22T08:08:39.862,3210-10-09T08:04:11.292,35682931430
smiTemplateid4.xml,tmi11.xml,false,3209-08-22T08:09:57.365,3210-10-10T07:45:04.561,35768107196
tmi2.xml,tmi11.xml,false,3209-08-22T08:11:16.755,3210-10-12T06:33:29.794,35936533039
tadSyncid2id4.xml,tmi11.xml,false,3209-08-22T08:12:37.720,3210-10-16T12:03:35.405,36301857685
tadSyncid5id3.xml,tmi11.xml,false,3209-08-22T08:14:03.026,3210-10-16T23:30:12.425,36342969399
tadSyncid3id4.xml,tmi11.xml,false,3209-08-22T08:15:23.311,3210-10-17T10:31:44.610,36382581299
tadSyncid0id4.xml,tmi11.xml,false,3209-08-22T08:16:42.993,3210-10-19T21:50:08.706,36596005713
tadSyncid1id4.xml,tmi11.xml,false,3209-08-22T08:17:57.148,3210-10-24T15:12:54.010,37004096862
tmi13.xml,tmi11.xml,false,3209-08-22T08:20:41.267,3210-10-25T22:22:24.533,37116103266
tadSyncid4id4.xml,tmi11.xml,false,3209-08-22T08:19:13.530,3210-10-26T03:13:00.062,37133626532
tmi1.xml,tmi11.xml,false,3209-08-22T08:22:08.349,3210-10-28T09:47:10.906,37329902557
tadSyncid5id0.xml,tmi11.xml,false,3209-08-22T08:23:26.038,3210-11-02T08:02:05.716,37759119678
tadSyncid3id0.xml,tmi11.xml,false,3209-08-22T08:26:28.488,3210-11-03T06:29:42.983,37839794495
smiTemplateid1.xml,tmi11.xml,false,3209-08-22T08:24:45.159,3210-11-03T20:58:59.795,37892054636
tadSyncid5id5.xml,tmi11.xml,false,3209-08-22T08:28:01.715,3210-11-06T18:44:54.410,38143012695
tadSyncid2id0.xml,tmi11.xml,false,3209-08-22T08:29:27.398,3210-11-10T03:19:19.990,38432992592
tadSyncid1id5.xml,tmi11.xml,false,3209-08-22T08:30:48.064,3210-11-10T22:48:45.505,38503077441
tadSyncid0id0.xml,tmi11.xml,false,3209-08-22T08:32:46.782,3210-11-12T10:59:03.418,38633176636
tadSyncid1id0.xml,tmi11.xml,false,3209-08-22T08:34:08.448,3210-11-13T18:49:45.946,38747737498
tadSyncid0id5.xml,tmi11.xml,false,3209-08-22T08:35:28.057,3210-11-18T08:33:30.528,39142682471
tmi10.xml,tmi11.xml,false,3209-08-22T08:36:56.369,3210-11-18T12:32:47.237,39156950868
cxs1.xml,tmi11.xml,false,3209-08-22T10:11:03.798,3210-11-20T20:29:19.456,39352695658
tadSyncid5id1.xml,tmi11.xml,false,3209-08-22T10:31:05.780,3210-11-21T11:53:51.856,39406966076
smiTemplateid4.xml,tadSyncid1id2.xml,false,3209-08-22T10:56:47.367,3210-11-26T09:39:11.017,39829343650
tmi2.xml,tadSyncid1id2.xml,false,3209-08-22T10:59:24.251,3210-11-26T22:16:28.942,39874624691
tadSyncid2id4.xml,tadSyncid1id2.xml,false,3209-08-22T11:01:09.389,3210-11-29T07:37:14.037,40080964648
tadSyncid5id3.xml,tadSyncid1id2.xml,false,3209-08-22T11:03:10.682,3210-11-29T21:20:31.398,40130240716
tadSyncid0id4.xml,tadSyncid1id2.xml,false,3209-08-22T11:05:57.846,3210-12-04T21:16:47.367,40561849521
tadSyncid3id4.xml,tadSyncid1id2.xml,false,3209-08-22T11:04:38.211,3210-12-05T14:09:18.831,40622680620
tadSyncid1id4.xml,tadSyncid1id2.xml,false,3209-08-22T11:07:12.571,3210-12-07T13:31:08.082,40793035511
tadSyncid4id4.xml,tadSyncid1id2.xml,false,3209-08-22T11:08:29.646,3210-12-08T06:54:51.979,40855582333
tmi13.xml,tadSyncid1id2.xml,false,3209-08-22T11:09:42.890,3210-12-12T19:06:48.879,41245025989
tmi1.xml,tadSyncid1id2.xml,false,3209-08-22T11:10:55.329,3210-12-14T14:17:30.413,41400395084
tadSyncid5id0.xml,tadSyncid1id2.xml,false,3209-08-22T11:12:07.858,3210-12-15T11:06:59.742,41475291884
smiTemplateid1.xml,tadSyncid1id2.xml,false,3209-08-22T11:13:20.441,3210-12-17T03:38:15.863,41621095422
tadSyncid3id0.xml,tadSyncid1id2.xml,false,3209-08-22T11:14:34.066,3210-12-21T05:21:20.886,41972806820
tadSyncid5id5.xml,tadSyncid1id2.xml,false,3209-08-22T11:16:01.770,3210-12-22T14:12:08.029,42090966259
tadSyncid2id0.xml,tadSyncid1id2.xml,false,3209-08-22T11:17:18.047,3210-12-23T22:39:34.981,42207736934
tadSyncid1id5.xml,tadSyncid1id2.xml,false,3209-08-22T11:18:34.600,3210-12-25T12:21:59.330,42343404730
tadSyncid0id0.xml,tadSyncid1id2.xml,false,3209-08-22T11:19:50.927,3210-12-30T18:35:39.757,42797748830
tadSyncid1id0.xml,tadSyncid1id2.xml,false,3209-08-22T11:21:03.764,3210-12-31T20:05:21.653,42889457889
tadSyncid0id5.xml,tadSyncid1id2.xml,false,3209-08-22T11:22:15.002,3211-01-01T12:41:22.424,42949147422
tmi10.xml,tadSyncid1id2.xml,false,3209-08-22T11:23:34.378,3211-01-03T21:45:12.799,43154498421
cxs1.xml,tadSyncid1id2.xml,false,3209-08-22T11:24:46.049,3211-01-08T17:32:07.380,43571241331
tadSyncid5id1.xml,tadSyncid1id2.xml,false,3209-08-22T11:25:56.906,3211-01-09T10:49:43.243,43633426337
tmi11.xml,tadSyncid1id2.xml,false,3209-08-22T11:27:11.547,3211-01-10T03:06:57.525,43691985978
smiTemplateid4.xml,tadSyncid0id2.xml,false,3209-08-22T11:28:25.074,3211-01-11T22:58:52.923,43849827849
tmi2.xml,tadSyncid0id2.xml,false,3209-08-22T11:29:45.650,3211-01-16T08:14:05.227,44228659577
tadSyncid2id4.xml,tadSyncid0id2.xml,false,3209-08-22T11:31:04.218,3211-01-16T11:12:56.294,44239312076
tadSyncid5id3.xml,tadSyncid0id2.xml,false,3209-08-22T11:32:24.617,3211-01-17T09:06:48.930,44318064313
tadSyncid3id4.xml,tadSyncid0id2.xml,false,3209-08-22T11:33:43.547,3211-01-18T22:03:50.471,44451006924
tadSyncid0id4.xml,tadSyncid0id2.xml,false,3209-08-22T11:35:11.063,3211-01-23T05:18:30.136,44822599073
tadSyncid1id4.xml,tadSyncid0id2.xml,false,3209-08-22T11:40:18.942,3211-01-23T08:45:09.564,44834690622
tadSyncid4id4.xml,tadSyncid0id2.xml,false,3209-08-22T14:20:00.911,3211-01-23T14:26:15.036,44845574125
tmi13.xml,tadSyncid0id2.xml,false,3209-08-22T14:21:51.312,3211-01-25T22:52:00.128,45048608816
tadSyncid5id0.xml,tadSyncid0id2.xml,false,3209-08-22T14:24:17.650,3211-01-29T22:12:56.453,45391718803
tmi1.xml,tadSyncid0id2.xml,false,3209-08-22T14:23:09.117,3211-01-29T22:14:00.224,45391851107
smiTemplateid1.xml,tadSyncid0id2.xml,false,3209-08-22T14:25:11.229,3211-01-30T03:07:36.038,45409344809
tadSyncid3id0.xml,tadSyncid0id2.xml,false,3209-08-22T14:25:58.759,3211-02-01T09:59:18.165,45606799406
tadSyncid2id0.xml,tadSyncid0id2.xml,false,3209-08-22T14:27:32.467,3211-02-05T11:39:18.404,45958305937
tadSyncid1id5.xml,tadSyncid0id2.xml,false,3209-08-22T14:28:22.907,3211-02-05T18:33:11.528,45983088621
tadSyncid5id5.xml,tadSyncid0id2.xml,false,3209-08-22T14:26:46.280,3211-02-05T21:50:44.952,45995038672
tadSyncid0id0.xml,tadSyncid0id2.xml,false,3209-08-22T14:29:32.484,3211-02-08T12:11:01.054,46219288570
tadSyncid1id0.xml,tadSyncid0id2.xml,false,3209-08-22T14:31:06.378,3211-02-13T00:56:11.741,46610705363
tadSyncid0id5.xml,tadSyncid0id2.xml,false,3209-08-22T14:32:18.087,3211-02-13T05:29:16.196,46627018109
tmi10.xml,tadSyncid0id2.xml,false,3209-08-22T14:33:26.120,3211-02-13T13:21:56.380,46655310260
cxs1.xml,tadSyncid0id2.xml,false,3209-08-22T14:34:44.989,3211-02-15T11:29:00.570,46821255581
tadSyncid5id1.xml,tadSyncid0id2.xml,false,3209-08-22T14:35:55.247,3211-02-20T10:09:18.034,47248402787
tmi11.xml,tadSyncid0id2.xml,false,3209-08-22T14:37:25.017,3211-02-20T11:10:43.313,47251998296
tadSyncid1id2.xml,tadSyncid0id2.xml,false,3209-08-22T14:38:40.234,3211-02-20T12:49:30.955,47257850721
smiTemplateid4.xml,tmi9.xml,false,3209-08-22T14:39:53.135,3211-02-22T06:26:47.421,47407614286
tadSyncid2id4.xml,tmi9.xml,false,3209-08-22T14:42:18.537,3211-02-27T14:47:28.960,47869510423
tadSyncid5id3.xml,tmi9.xml,false,3209-08-22T14:43:32.452,3211-02-27T20:48:01.391,47891068939
tmi2.xml,tmi9.xml,false,3209-08-22T14:41:05.851,3211-02-28T00:21:55.351,47904049500
tadSyncid3id4.xml,tmi9.xml,false,3209-08-22T14:44:45.176,3211-03-01T16:53:13.487,48049708311
tadSyncid0id4.xml,tmi9.xml,false,3209-08-22T14:45:57.267,3211-03-08T03:41:48.465,48606951198
tadSyncid1id4.xml,tmi9.xml,false,3209-08-22T14:47:09.491,3211-03-08T06:39:51.714,48617562223
tadSyncid4id4.xml,tmi9.xml,false,3209-08-22T14:48:27.023,3211-03-08T14:53:24.531,48647097508
tmi13.xml,tmi9.xml,false,3209-08-22T14:49:43.613,3211-03-09T10:11:28.167,48716504554
tadSyncid5id0.xml,tmi9.xml,false,3209-08-22T14:52:07.535,3211-03-15T18:01:51.675,49262984140
tmi1.xml,tmi9.xml,false,3209-08-22T14:50:55.909,3211-03-15T21:48:35.247,49276659338
smiTemplateid1.xml,tmi9.xml,false,3209-08-22T14:53:30.662,3211-03-16T03:05:04.065,49295493403
tadSyncid3id0.xml,tmi9.xml,false,3209-08-22T14:54:42.462,3211-03-17T12:17:58.475,49414996013
tadSyncid5id5.xml,tmi9.xml,false,3209-08-22T14:55:53.186,3211-03-23T16:26:13.390,49948220204
tadSyncid2id0.xml,tmi9.xml,false,3209-08-22T14:57:06.887,3211-03-24T10:15:10.045,50012283158
tadSyncid1id5.xml,tmi9.xml,false,3209-08-22T14:58:21.633,3211-03-25T02:44:40.623,50071578990
tadSyncid0id0.xml,tmi9.xml,false,3209-08-22T14:59:34.350,3211-03-26T07:21:02.005,50174487655
tadSyncid1id0.xml,tmi9.xml,false,3209-08-22T15:00:45.357,3211-03-31T14:08:49.133,50627283776
tmi10.xml,tmi9.xml,false,3209-08-22T15:03:25.173,3211-04-01T14:42:30.923,50715545750
tadSyncid0id5.xml,tmi9.xml,false,3209-08-22T15:01:57.524,3211-04-01T20:07:59.686,50735162162
cxs1.xml,tmi9.xml,false,3209-08-22T15:04:39.789,3211-04-03T06:15:20.744,50857840955
tadSyncid5id1.xml,tmi9.xml,false,3209-08-22T15:05:52.552,3211-04-09T02:56:39.854,51364247302
tadSyncid1id2.xml,tmi9.xml,false,3209-08-22T15:08:16.867,3211-04-10T12:59:58.022,51486701155
tmi11.xml,tmi9.xml,false,3209-08-22T15:07:06.129,3211-04-10T17:22:45.164,51502539035
tadSyncid0id2.xml,tmi9.xml,false,3209-08-22T15:09:28.228,3211-04-11T21:14:59.344,51602731116
smiTemplateid4.xml,tadSyncid3id1.xml,false,3209-08-22T15:10:40.317,3211-04-17T07:54:38.155,52073037838
tmi2.xml,tadSyncid3id1.xml,false,3209-08-22T15:11:52.433,3211-04-19T01:35:27.456,52223015023
tadSyncid2id4.xml,tadSyncid3id1.xml,false,3209-08-22T15:13:02.015,3211-04-19T05:32:56.790,52237194775
tadSyncid5id3.xml,tadSyncid3id1.xml,false,3209-08-22T15:14:15.564,3211-04-21T00:25:16.034,52391460470
tadSyncid3id4.xml,tadSyncid3id1.xml,false,3209-08-22T15:15:28.478,3211-04-25T23:12:08.197,52818999719
tadSyncid0id4.xml,tadSyncid3id1.xml,false,3209-08-22T15:16:40.607,3211-04-27T15:42:18.357,52964737750
tadSyncid1id4.xml,tadSyncid3id1.xml,false,3209-08-22T15:18:01.839,3211-04-27T21:24:35.939,52985194100
tadSyncid4id4.xml,tadSyncid3id1.xml,false,3209-08-22T15:19:13.543,3211-04-29T10:22:08.407,53118174864
tmi13.xml,tadSyncid3id1.xml,false,3209-08-22T15:20:27.122,3211-05-03T20:58:47.817,53501900695
tadSyncid5id0.xml,tadSyncid3id1.xml,false,3209-08-22T15:22:50.223,3211-05-06T04:37:43.314,53702093091
tmi1.xml,tadSyncid3id1.xml,false,3209-08-22T15:21:40.531,3211-05-06T10:32:01.218,53723420687
smiTemplateid1.xml,tadSyncid3id1.xml,false,3209-08-22T15:24:04.724,3211-05-07T09:21:28.391,53805443667
tadSyncid3id0.xml,tadSyncid3id1.xml,false,3209-08-22T15:25:16.591,3211-05-12T11:58:36.411,54246799820
tadSyncid5id5.xml,tadSyncid3id1.xml,false,3209-08-22T15:26:26.222,3211-05-13T19:48:08.636,54361302414
tadSyncid2id0.xml,tadSyncid3id1.xml,false,3209-08-22T15:27:35.975,3211-05-14T00:12:08.768,54377072793
tadSyncid1id5.xml,tadSyncid3id1.xml,false,3209-08-22T15:28:44.468,3211-05-15T06:51:45.503,54487381035
tadSyncid0id0.xml,tadSyncid3id1.xml,false,3209-08-22T15:29:52.982,3211-05-20T15:14:32.008,54949479026
tadSyncid1id0.xml,tadSyncid3id1.xml,false,3209-08-22T15:31:00.616,3211-05-21T14:46:30.239,55034129623
tadSyncid0id5.xml,tadSyncid3id1.xml,false,3209-08-22T15:32:08.939,3211-05-22T00:38:44.771,55069595832
tmi10.xml,tadSyncid3id1.xml,false,3209-08-22T15:33:22.332,3211-05-23T06:20:42.821,55176440489
cxs1.xml,tadSyncid3id1.xml,false,3209-08-22T15:34:34.103,3211-05-27T19:37:43.012,55569788909
tadSyncid5id1.xml,tadSyncid3id1.xml,false,3209-08-22T15:36:25.955,3211-05-29T06:05:57.522,55693771567
tmi11.xml,tadSyncid3id1.xml,false,3209-08-22T15:37:45.643,3211-05-29T10:08:24.654,55708239011
tadSyncid1id2.xml,tadSyncid3id1.xml,false,3209-08-22T15:38:55.899,3211-05-30T11:04:30.610,55797934711
tadSyncid0id2.xml,tadSyncid3id1.xml,false,3209-08-22T15:40:04.330,3211-06-04T17:40:36.083,56253631753
smiTemplateid4.xml,tadSyncid4id1.xml,false,3209-08-22T15:42:28.120,3211-06-06T05:45:37.440,56383389320
tmi9.xml,tadSyncid3id1.xml,false,3209-08-22T15:41:15.884,3211-06-06T08:29:04.355,56393268471
tmi2.xml,tadSyncid4id1.xml,false,3209-08-22T15:43:39.832,3211-06-07T11:42:13.860,56491114028
tadSyncid2id4.xml,tadSyncid4id1.xml,false,3209-08-22T15:44:49.352,3211-06-11T21:54:45.249,56873395897
tadSyncid3id4.xml,tadSyncid4id1.xml,false,3209-08-22T15:47:11.938,3211-06-13T12:47:19.500,57013207562
tadSyncid5id3.xml,tadSyncid4id1.xml,false,3209-08-22T15:46:00.797,3211-06-13T21:07:04.948,57043264151
tadSyncid0id4.xml,tadSyncid4id1.xml,false,3209-08-22T15:48:23.345,3211-06-15T02:08:17.360,57147594015
tadSyncid1id4.xml,tadSyncid4id1.xml,false,3209-08-22T15:49:34.532,3211-06-19T05:51:17.630,57506503098
tadSyncid4id4.xml,tadSyncid4id1.xml,false,3209-08-22T15:50:44.920,3211-06-21T05:48:01.547,57679036627
tmi13.xml,tadSyncid4id1.xml,false,3209-08-22T15:51:55.070,3211-06-21T09:46:08.955,57693253885
tmi1.xml,tadSyncid4id1.xml,false,3209-08-22T15:53:03.808,3211-06-22T06:37:47.482,57768283674
tadSyncid5id0.xml,tadSyncid4id1.xml,false,3209-08-22T15:54:10.535,3211-06-26T18:20:05.663,58155955128
smiTemplateid1.xml,tadSyncid4id1.xml,false,3209-08-22T15:55:19.630,3211-06-29T04:41:38.408,58365978778
tadSyncid3id0.xml,tadSyncid4id1.xml,false,3209-08-22T15:56:30.884,3211-06-29T13:46:05.407,58398574523
tadSyncid5id5.xml,tadSyncid4id1.xml,false,3209-08-22T15:57:37.233,3211-06-30T06:29:07.645,58458690412
tadSyncid2id0.xml,tadSyncid4id1.xml,false,3209-08-22T15:58:45.143,3211-07-04T05:40:34.283,58801309140
tadSyncid1id5.xml,tadSyncid4id1.xml,false,3209-08-22T15:59:55.633,3211-07-07T04:27:27.942,59056052309
tadSyncid0id0.xml,tadSyncid4id1.xml,false,3209-08-22T16:01:09.785,3211-07-07T15:47:05.371,59096755586
tadSyncid1id0.xml,tadSyncid4id1.xml,false,3209-08-22T16:02:27.259,3211-07-08T09:09:01.401,59159194142
tadSyncid0id5.xml,tadSyncid4id1.xml,false,3209-08-22T16:03:40.039,3211-07-11T14:15:00.823,59436680784
tmi10.xml,tadSyncid4id1.xml,false,3209-08-22T16:04:50.659,3211-07-14T14:36:48.883,59697118224
cxs1.xml,tadSyncid4id1.xml,false,3209-08-22T16:06:02.040,3211-07-14T23:25:52.970,59728790930
tadSyncid5id1.xml,tadSyncid4id1.xml,false,3209-08-22T16:07:15.034,3211-07-15T14:01:25.664,59781250630
tmi11.xml,tadSyncid4id1.xml,false,3209-08-22T16:08:28.147,3211-07-19T13:18:40.840,60124212693
tadSyncid1id2.xml,tadSyncid4id1.xml,false,3209-08-22T16:09:37.649,3211-07-22T19:09:42.051,60404404402
tadSyncid0id2.xml,tadSyncid4id1.xml,false,3209-08-22T16:10:59.358,3211-07-23T09:47:09.256,60456969898
tmi9.xml,tadSyncid4id1.xml,false,3209-08-22T16:12:11.963,3211-07-23T13:12:00.428,60469188465
tadSyncid3id1.xml,tadSyncid4id1.xml,false,3209-08-22T16:13:33.637,3211-07-26T22:57:57.889,60763464252
smiTemplateid4.xml,tmi4.xml,false,3209-08-22T16:14:50.711,3211-07-30T01:02:24.452,61030053741
tmi2.xml,tmi4.xml,false,3209-08-22T16:16:03.580,3211-07-30T20:51:43.631,61101340051
tadSyncid2id4.xml,tmi4.xml,false,3209-08-22T16:17:16.258,3211-07-31T11:49:44.759,61155148501
tadSyncid5id3.xml,tmi4.xml,false,3209-08-22T16:18:27.912,3211-08-03T04:34:51.947,61388184035
tadSyncid3id4.xml,tmi4.xml,false,3209-08-22T16:19:45.297,3211-08-07T16:44:40.183,61777494886
tadSyncid0id4.xml,tmi4.xml,false,3209-08-22T16:21:10.555,3211-08-07T20:02:53.294,61789302739
tadSyncid1id4.xml,tmi4.xml,false,3209-08-22T16:22:51.620,3211-08-08T18:53:34.457,61871442837
tadSyncid4id4.xml,tmi4.xml,false,3209-08-22T16:24:08.554,3211-08-11T03:49:45.371,62076336817
tmi13.xml,tmi4.xml,false,3209-08-22T16:25:22.161,3211-08-15T03:37:19.085,62421116924
tmi1.xml,tmi4.xml,false,3209-08-22T16:26:30.842,3211-08-15T08:01:09.876,62436879034
tadSyncid5id0.xml,tmi4.xml,false,3209-08-22T16:27:43.575,3211-08-16T04:07:29.475,62509185900
smiTemplateid1.xml,tmi4.xml,true,3209-08-22T16:28:56.896,3211-08-18T15:01:16.453,62721139557
tadSyncid5id5.xml,tmi4.xml,false,3209-08-22T16:31:18.550,3211-08-23T14:24:02.605,63150764055
tadSyncid3id0.xml,tmi4.xml,false,3209-08-22T16:30:09.264,3211-08-23T15:10:29.802,63153620538
tadSyncid2id0.xml,tmi4.xml,false,3209-08-22T16:32:28.081,3211-08-24T00:30:05.732,63187057651
tadSyncid1id5.xml,tmi4.xml,false,3209-08-22T16:33:34.507,3211-08-26T13:19:35.403,63405960896
tadSyncid0id0.xml,tmi4.xml,false,3209-08-22T16:34:41.940,3211-08-30T14:16:13.321,63754891381
tadSyncid1id0.xml,tmi4.xml,false,3209-08-22T16:35:52.233,3211-08-30T23:08:05.260,63786733027
tadSyncid0id5.xml,tmi4.xml,false,3209-08-22T16:37:00.537,3211-08-31T11:47:55.447,63832254910
tmi10.xml,tmi4.xml,false,3209-08-22T16:38:06.622,3211-09-03T07:26:02.604,64075675982
tmi11.xml,tmi4.xml,false,3209-08-22T16:41:22.478,3211-09-08T00:55:14.394,64484031916
tadSyncid5id1.xml,tmi4.xml,false,3209-08-22T16:40:17.729,3211-09-08T08:14:41.802,64510464073
cxs1.xml,tmi4.xml,false,3209-08-22T16:39:12.053,3211-09-08T08:14:27.054,64510515001
tadSyncid1id2.xml,tmi4.xml,false,3209-08-22T16:42:26.325,3211-09-10T20:40:02.973,64727856648
tmi9.xml,tmi4.xml,false,3209-08-22T16:44:35.006,3211-09-15T12:18:42.453,65129647447
tadSyncid3id1.xml,tmi4.xml,false,3209-08-22T16:45:39.424,3211-09-16T02:03:15.190,65179055766
tadSyncid0id2.xml,tmi4.xml,false,3209-08-22T16:43:31.044,3211-09-16T10:23:34.998,65209203954
tadSyncid4id1.xml,tmi4.xml,false,3209-08-22T16:46:46.945,3211-09-18T11:22:10.695,65385323750
smiTemplateid4.xml,ccn2.xml,false,3209-08-22T16:47:53.579,3211-09-22T18:16:27.168,65755713589
tmi2.xml,ccn2.xml,false,3209-08-22T16:49:03.847,3211-09-23T07:43:25.767,65804061920
tadSyncid2id4.xml,ccn2.xml,false,3209-08-22T16:50:08.142,3211-09-24T01:04:29.828,65866461686
tadSyncid5id3.xml,ccn2.xml,false,3209-08-22T16:51:12.339,3211-09-25T22:10:31.382,66028759043
tadSyncid3id4.xml,ccn2.xml,false,3209-08-22T16:52:15.227,3211-10-01T01:06:00.987,66471225760
tadSyncid0id4.xml,ccn2.xml,false,3209-08-22T16:53:20.281,3211-10-01T09:00:52.607,66499652326
tadSyncid1id4.xml,ccn2.xml,false,3209-08-22T16:54:25.612,3211-10-01T20:38:30.018,66541444406
tadSyncid4id4.xml,ccn2.xml,false,3209-08-22T16:55:32.506,3211-10-03T08:56:50.764,66672078258
tmi13.xml,ccn2.xml,false,3209-08-22T16:56:37.648,3211-10-08T22:56:45.714,67154408066
tmi1.xml,ccn2.xml,false,3209-08-22T16:57:40.922,3211-10-09T16:19:47.563,67216926641
tadSyncid5id0.xml,ccn2.xml,false,3209-08-22T16:58:43.011,3211-10-09T20:30:05.892,67231882881
smiTemplateid1.xml,ccn2.xml,false,3209-08-22T16:59:46.830,3211-10-10T23:26:15.084,67328788254
tadSyncid3id0.xml,ccn2.xml,false,3209-08-22T17:00:51.777,3211-10-16T17:07:21.165,67824389388
tadSyncid5id5.xml,ccn2.xml,false,3209-08-22T17:01:57.874,3211-10-16T17:26:51.512,67825493638
tadSyncid2id0.xml,ccn2.xml,false,3209-08-22T17:03:04.820,3211-10-17T04:18:37.811,67864532991
tadSyncid1id5.xml,ccn2.xml,false,3209-08-22T17:04:14.039,3211-10-18T11:19:54.114,67976140075
tadSyncid1id0.xml,ccn2.xml,false,3209-08-22T17:06:23.614,3211-10-24T16:08:37.117,68511733503
tadSyncid0id5.xml,ccn2.xml,false,3209-08-22T17:07:27.152,3211-10-25T03:28:40.310,68552473158
tadSyncid0id0.xml,ccn2.xml,false,3209-08-22T17:05:19.396,3211-10-25T03:52:48.236,68554048840
tmi10.xml,ccn2.xml,false,3209-08-22T17:08:58.746,3211-10-26T16:02:08.573,68683989827
cxs1.xml,ccn2.xml,false,3209-08-22T17:12:05.406,3211-11-01T06:00:20.827,69169695421
tadSyncid5id1.xml,ccn2.xml,false,3209-08-22T17:13:11.732,3211-11-01T08:57:22.289,69180250557
tmi11.xml,ccn2.xml,false,3209-08-22T17:14:17.598,3211-11-01T09:42:44.633,69182907035
tadSyncid1id2.xml,ccn2.xml,false,3209-08-22T17:15:32.352,3211-11-03T13:22:23.664,69368811312
tmi9.xml,ccn2.xml,false,3209-08-22T17:17:37.648,3211-11-08T09:47:08.397,69787770749
tadSyncid0id2.xml,ccn2.xml,false,3209-08-22T17:16:39.926,3211-11-08T12:14:28.292,69796668366
tadSyncid3id1.xml,ccn2.xml,false,3209-08-22T17:19:02.649,3211-11-08T17:47:29.294,69816506645
tadSyncid4id1.xml,ccn2.xml,false,3209-08-22T17:20:14.323,3211-11-11T11:35:24.736,70053310413
tmi4.xml,ccn2.xml,false,3209-08-22T17:21:22.411,3211-11-16T08:39:37.126,70474694715
smiTemplateid4.xml,tadSyncid2id1.xml,false,3209-08-22T17:22:31.884,3211-11-16T17:33:05.760,70506633876
tmi2.xml,tadSyncid2id1.xml,false,3209-08-22T17:23:42.033,3211-11-17T02:29:55.132,70538773099
tadSyncid2id4.xml,tadSyncid2id1.xml,false,3209-08-22T17:24:47.028,3211-11-19T19:51:11,70773983972
tadSyncid5id3.xml,tadSyncid2id1.xml,false,3209-08-22T17:25:51.278,3211-11-24T16:31:39.737,71193948459
tadSyncid0id4.xml,tadSyncid2id1.xml,false,3209-08-22T17:28:00.836,3211-11-24T21:21:43.604,71211222768
tadSyncid3id4.xml,tadSyncid2id1.xml,false,3209-08-22T17:26:57.469,3211-11-24T21:41:18.136,71212460667
tadSyncid1id4.xml,tadSyncid2id1.xml,false,3209-08-22T17:29:04.809,3211-11-27T19:42:08.351,71464383542
tmi13.xml,tadSyncid2id1.xml,false,3209-08-22T17:31:09.718,3211-12-02T03:23:43.767,71837554049
tmi1.xml,tadSyncid2id1.xml,false,3209-08-22T17:32:11.057,3211-12-02T03:35:25.430,71838194373
tadSyncid4id4.xml,tadSyncid2id1.xml,false,3209-08-22T17:30:07.393,3211-12-02T09:41:43.869,71860296476
tadSyncid5id0.xml,tadSyncid2id1.xml,false,3209-08-22T17:33:17.248,3211-12-05T12:11:02.835,72128265587
tadSyncid5id5.xml,tadSyncid2id1.xml,false,3209-08-22T17:36:48.577,3211-12-09T22:23:32.627,72510404050
tadSyncid3id0.xml,tadSyncid2id1.xml,false,3209-08-22T17:35:37.755,3211-12-10T02:33:35.483,72525477728
smiTemplateid1.xml,tadSyncid2id1.xml,false,3209-08-22T17:34:23.802,3211-12-10T03:13:59.688,72527975886
tadSyncid2id0.xml,tadSyncid2id1.xml,false,3209-08-22T17:38:00.805,3211-12-12T21:29:04.342,72766263537
tadSyncid1id5.xml,tadSyncid2id1.xml,false,3209-08-22T17:39:13.176,3211-12-17T06:55:13.727,73145760551
tadSyncid1id0.xml,tadSyncid2id1.xml,false,3209-08-22T17:41:25.603,3211-12-18T07:25:50.027,73233864424
tadSyncid0id0.xml,tadSyncid2id1.xml,false,3209-08-22T17:40:21.079,3211-12-18T11:26:45.625,73248384546
tadSyncid0id5.xml,tadSyncid2id1.xml,false,3209-08-22T17:42:29.256,3211-12-21T00:23:51,73467681744
tmi10.xml,tadSyncid2id1.xml,false,3209-08-22T17:43:33.079,3211-12-24T18:25:11.266,73791698187
tadSyncid5id1.xml,tadSyncid2id1.xml,false,3209-08-22T17:45:36.910,3211-12-26T05:04:39.421,73916342511
cxs1.xml,tadSyncid2id1.xml,false,3209-08-22T17:44:35.402,3211-12-26T09:01:25.882,73930610480
tmi11.xml,tadSyncid2id1.xml,false,3209-08-22T17:46:39.480,3211-12-29T04:17:40.327,74172660847
tadSyncid1id2.xml,tadSyncid2id1.xml,false,3209-08-22T17:47:40.630,3212-01-01T10:40:08.666,74454748036
tadSyncid0id2.xml,tadSyncid2id1.xml,false,3209-08-22T17:48:46.277,3212-01-02T18:47:44.820,74570338543
tmi9.xml,tadSyncid2id1.xml,false,3209-08-22T17:49:53.554,3212-01-02T21:32:53.502,74580179948
tadSyncid3id1.xml,tadSyncid2id1.xml,false,3209-08-22T17:50:58.136,3212-01-05T19:36:34.023,74832335887
tadSyncid4id1.xml,tadSyncid2id1.xml,false,3209-08-22T17:52:11.397,3212-01-09T16:17:23.697,75165912300
ccn2.xml,tadSyncid2id1.xml,false,3209-08-22T17:54:36.972,3212-01-10T11:41:43.908,75235626936
tmi4.xml,tadSyncid2id1.xml,false,3209-08-22T17:53:16.797,3212-01-10T20:03:34.560,75265817763
smiTemplateid4.xml,cxs2.xml,false,3209-08-22T17:55:41.313,3212-01-13T15:49:57.267,75509655954
tmi2.xml,cxs2.xml,false,3209-08-22T17:56:45.654,3212-01-17T08:51:36.962,75830091308
tadSyncid2id4.xml,cxs2.xml,false,3209-08-22T17:57:52.912,3212-01-18T09:32:49.243,75918896331
tadSyncid5id3.xml,cxs2.xml,false,3209-08-22T17:58:59.811,3212-01-18T11:59:53.650,75927653839
tadSyncid3id4.xml,cxs2.xml,false,3209-08-22T18:02:39.441,3212-01-22T10:40:49.050,76268289609
tadSyncid0id4.xml,cxs2.xml,false,3209-08-22T23:31:54.334,3212-01-25T02:23:01.296,76477866962
tadSyncid4id4.xml,cxs2.xml,false,3209-08-22T23:52:19.662,3212-01-26T12:40:28.956,76600089294
tadSyncid1id4.xml,cxs2.xml,false,3209-08-22T23:48:59.112,3212-01-27T03:16:48.766,76652869654
tmi13.xml,cxs2.xml,false,3209-08-22T23:54:01.850,3212-01-29T11:51:13.048,76856231198
tmi1.xml,cxs2.xml,false,3209-08-22T23:55:18.864,3212-02-01T22:29:30.900,77153652036
tadSyncid5id0.xml,cxs2.xml,false,3209-08-23T01:30:08.816,3212-02-03T14:09:12.176,77290743360
smiTemplateid1.xml,cxs2.xml,false,3209-08-23T01:32:48.444,3212-02-03T17:40:48.949,77303280505
tadSyncid3id0.xml,cxs2.xml,false,3209-08-23T01:34:42.142,3212-02-06T03:29:36.948,77511294806
tadSyncid5id5.xml,cxs2.xml,false,3209-08-23T01:35:42.844,3212-02-10T15:39:47.983,77900645139
tadSyncid1id5.xml,cxs2.xml,false,3209-08-23T01:37:33.831,3212-02-12T22:29:29.057,78097915226
tadSyncid2id0.xml,cxs2.xml,false,3209-08-23T01:36:40.342,3212-02-13T02:31:39.820,78112499478
tadSyncid0id0.xml,cxs2.xml,false,3209-08-23T01:38:47.224,3212-02-15T12:47:30.798,78322123574
tadSyncid1id0.xml,cxs2.xml,false,3209-08-23T01:39:43.286,3212-02-18T22:20:25.142,78615641856
tadSyncid0id5.xml,cxs2.xml,false,3209-08-23T01:40:38.929,3212-02-20T09:02:47.725,78740528796
tmi10.xml,cxs2.xml,false,3209-08-23T01:41:30.380,3212-02-20T16:22:17.145,78766846765
cxs1.xml,cxs2.xml,true,3209-08-23T01:42:21.759,3212-02-23T06:18:18.131,78989756372
tadSyncid5id1.xml,cxs2.xml,false,3209-08-23T01:43:12.375,3212-02-26T00:12:19.220,79226946845
tmi11.xml,cxs2.xml,false,3209-08-23T01:44:03.093,3212-02-28T07:29:27.014,79425923921
tadSyncid1id2.xml,cxs2.xml,false,3209-08-23T01:44:52.483,3212-02-28T09:44:01.845,79433949362
tadSyncid0id2.xml,cxs2.xml,false,3209-08-23T01:45:47.998,3212-03-01T20:57:02.520,79647074522
tmi9.xml,cxs2.xml,false,3209-08-23T01:46:43.654,3212-03-04T17:00:15.160,79892011506
tadSyncid3id1.xml,cxs2.xml,false,3209-08-23T01:47:36.278,3212-03-07T01:42:26.583,80096090305
tadSyncid4id1.xml,cxs2.xml,false,3209-08-23T01:48:31.256,3212-03-07T11:21:15.990,80130764734
tmi4.xml,cxs2.xml,false,3209-08-23T01:49:40.150,3212-03-09T10:43:10.960,80301210810
ccn2.xml,cxs2.xml,false,3209-08-23T01:50:34.460,3212-03-12T15:25:27.600,80577293140
smiTemplateid4.xml,Collision-avoidance.xml,false,3209-08-23T01:52:21.973,3212-03-14T15:06:41.480,80748859507
tadSyncid2id1.xml,cxs2.xml,false,3209-08-23T01:51:24.114,3212-03-15T01:26:08.504,80786084390
tmi2.xml,Collision-avoidance.xml,false,3209-08-23T01:53:19.099,3212-03-18T05:30:35.457,81059836358
tadSyncid2id4.xml,Collision-avoidance.xml,false,3209-08-23T01:54:14.032,3212-03-22T23:44:44.783,81471030751
tadSyncid5id3.xml,Collision-avoidance.xml,false,3209-08-23T01:55:10.542,3212-03-26T06:30:01.576,81750891034
tadSyncid3id4.xml,Collision-avoidance.xml,false,3209-08-23T01:56:06.526,3212-03-26T16:04:17.620,81785291094
tadSyncid0id4.xml,Collision-avoidance.xml,false,3209-08-23T01:58:24.279,3212-03-30T03:37:03.019,82085918740
tadSyncid1id4.xml,Collision-avoidance.xml,false,3209-08-23T01:59:30.660,3212-04-01T05:30:50.480,82265479820
tadSyncid4id4.xml,Collision-avoidance.xml,false,3209-08-23T02:00:41.449,3212-04-03T02:05:50.149,82425908700
tmi13.xml,Collision-avoidance.xml,false,3209-08-23T02:01:37.663,3212-04-03T02:22:00.204,82426822541
tmi1.xml,Collision-avoidance.xml,false,3209-08-23T02:02:33.434,3212-04-06T20:53:27.364,82752653930
tadSyncid5id0.xml,Collision-avoidance.xml,false,3209-08-23T02:03:50.734,3212-04-08T11:01:08.169,82889837435
smiTemplateid1.xml,Collision-avoidance.xml,false,3209-08-23T02:04:50.629,3212-04-10T12:26:02.204,83067671575
tadSyncid3id0.xml,Collision-avoidance.xml,false,3209-08-23T02:05:45.033,3212-04-10T14:23:29.901,83074664868
tadSyncid5id5.xml,Collision-avoidance.xml,false,3209-08-23T02:06:41.642,3212-04-14T02:31:34.047,83377492405
tadSyncid2id0.xml,Collision-avoidance.xml,false,3209-08-23T02:08:16.904,3212-04-15T21:37:22.537,83532545633
tadSyncid1id5.xml,Collision-avoidance.xml,false,3209-08-23T02:10:58.502,3212-04-17T16:20:10.884,83686152382
tadSyncid0id0.xml,Collision-avoidance.xml,false,3209-08-23T02:14:47.688,3212-04-17T22:25:10.088,83707822400
tadSyncid1id0.xml,Collision-avoidance.xml,false,3209-08-23T02:16:07.090,3212-04-21T13:03:31.150,84019644060
tadSyncid0id5.xml,Collision-avoidance.xml,false,3209-08-23T02:17:04.038,3212-04-23T01:30:17.876,84150793838
tmi10.xml,Collision-avoidance.xml,false,3209-08-23T02:17:52.582,3212-04-25T05:15:24.776,84337052194
cxs1.xml,Collision-avoidance.xml,false,3209-08-23T02:18:53.258,3212-04-25T17:45:55.233,84382021975
tadSyncid5id1.xml,Collision-avoidance.xml,false,3209-08-23T02:19:43.331,3212-04-28T20:25:29.156,84650745825
tmi11.xml,Collision-avoidance.xml,false,3209-08-23T02:20:32.457,3212-04-30T11:36:16.713,84791744256
tadSyncid1id2.xml,Collision-avoidance.xml,false,3209-08-23T02:21:22.889,3212-05-02T20:05:14.577,84995031688
tadSyncid0id2.xml,Collision-avoidance.xml,false,3209-08-23T02:22:13.472,3212-05-03T13:12:44.820,85056631348
tmi9.xml,Collision-avoidance.xml,false,3209-08-23T02:23:05.717,3212-05-07T01:22:13.700,85359547983
tadSyncid3id1.xml,Collision-avoidance.xml,false,3209-08-23T02:24:03.004,3212-05-09T09:24:58.192,85561255188
tadSyncid4id1.xml,Collision-avoidance.xml,false,3209-08-23T02:24:55.213,3212-05-10T23:41:34.694,85698999481
tmi4.xml,Collision-avoidance.xml,false,3209-08-23T02:25:44.680,3212-05-11T16:27:53.931,85759329251
ccn2.xml,Collision-avoidance.xml,true,3209-08-23T02:26:35.402,3212-05-15T17:04:05.851,86107050449
tadSyncid2id1.xml,Collision-avoidance.xml,false,3209-08-23T02:27:30.893,3212-05-17T09:37:32.409,86253001516
smiTemplateid4.xml,tadSyncid4id3.xml,false,3209-08-23T02:29:15.894,3212-05-19T08:22:14.778,86421178884
cxs2.xml,Collision-avoidance.xml,false,3209-08-23T02:28:22.911,3212-05-19T12:54:32.682,86437569771
tmi2.xml,tadSyncid4id3.xml,false,3209-08-23T02:30:10.301,3212-05-23T13:03:28.151,86783597850
tadSyncid2id4.xml,tadSyncid4id3.xml,false,3209-08-23T02:31:00.190,3212-05-24T22:33:06.239,86904126049
tadSyncid5id3.xml,tadSyncid4id3.xml,false,3209-08-23T02:31:51.008,3212-05-26T13:03:34.185,87042703177
tadSyncid3id4.xml,tadSyncid4id3.xml,false,3209-08-23T02:32:58.007,3212-05-26T23:31:30.684,87080312677
tadSyncid0id4.xml,tadSyncid4id3.xml,false,3209-08-23T02:33:49.552,3212-05-31T13:50:09.304,87477379752
tadSyncid1id4.xml,tadSyncid4id3.xml,false,3209-08-23T02:34:39.632,3212-06-02T15:50:18.303,87657338671
tadSyncid4id4.xml,tadSyncid4id3.xml,false,3209-08-23T02:35:30.210,3212-06-03T12:46:15.653,87732645443
tmi13.xml,tadSyncid4id3.xml,false,3209-08-23T02:36:21.959,3212-06-03T16:10:57.996,87744876037
tmi1.xml,tadSyncid4id3.xml,false,3209-08-23T02:37:13.550,3212-06-08T16:59:38.939,88179745389
tadSyncid5id0.xml,tadSyncid4id3.xml,false,3209-08-23T02:38:05.918,3212-06-10T16:43:40.207,88351534289
smiTemplateid1.xml,tadSyncid4id3.xml,false,3209-08-23T02:38:58.871,3212-06-11T13:02:14.428,88424595557
tadSyncid3id0.xml,tadSyncid4id3.xml,false,3209-08-23T02:39:52.878,3212-06-12T03:57:42.213,88478269335
tadSyncid5id5.xml,tadSyncid4id3.xml,false,3209-08-23T02:40:47.838,3212-06-15T21:53:16.491,88801948653
tadSyncid2id0.xml,tadSyncid4id3.xml,false,3209-08-23T02:41:41.256,3212-06-18T14:43:12.009,89035290753
tadSyncid1id5.xml,tadSyncid4id3.xml,false,3209-08-23T02:42:33.558,3212-06-18T22:16:18.719,89062425161
tadSyncid0id0.xml,tadSyncid4id3.xml,false,3209-08-23T02:43:26.487,3212-06-19T08:03:20.538,89097594051
tadSyncid1id0.xml,tadSyncid4id3.xml,false,3209-08-23T02:44:23.215,3212-06-23T14:40:06.586,89466943371
tadSyncid0id5.xml,tadSyncid4id3.xml,false,3209-08-23T02:45:15.355,3212-06-26T05:39:12.491,89693637136
tmi10.xml,tadSyncid4id3.xml,false,3209-08-23T02:46:09.923,3212-06-26T07:42:12.960,89700963037
cxs1.xml,tadSyncid4id3.xml,false,3209-08-23T02:47:00.980,3212-06-26T20:25:12.387,89746691407
tadSyncid5id1.xml,tadSyncid4id3.xml,false,3209-08-23T02:47:51.412,3212-07-01T05:44:27.561,90125796149
tmi11.xml,tadSyncid4id3.xml,false,3209-08-23T02:48:49.326,3212-07-03T12:10:21.440,90321692114
tadSyncid1id2.xml,tadSyncid4id3.xml,false,3209-08-23T02:49:42.564,3212-07-03T18:11:18.274,90343295710
tadSyncid0id2.xml,tadSyncid4id3.xml,false,3209-08-23T02:50:35.485,3212-07-04T09:11:00.503,90397225018
tmi9.xml,tadSyncid4id3.xml,false,3209-08-23T02:51:29.373,3212-07-08T22:26:52.322,90790522949
tadSyncid3id1.xml,tadSyncid4id3.xml,false,3209-08-23T02:52:22.346,3212-07-11T23:14:57.470,91052555124
tadSyncid4id1.xml,tadSyncid4id3.xml,false,3209-08-23T02:53:15.335,3212-07-12T06:08:09.814,91077294479
tmi4.xml,tadSyncid4id3.xml,false,3209-08-23T02:54:07.725,3212-07-13T09:45:43.088,91176695363
ccn2.xml,tadSyncid4id3.xml,false,3209-08-23T02:54:57.616,3212-07-18T08:33:44.768,91604327152
tadSyncid2id1.xml,tadSyncid4id3.xml,false,3209-08-23T02:55:44.750,3212-07-20T08:01:17.460,91775132710
cxs2.xml,tadSyncid4id3.xml,false,3209-08-23T02:56:31.542,3212-07-22T10:30:31.221,91956839679
Collision-avoidance.xml,tadSyncid4id3.xml,false,3209-08-23T02:57:23.542,3212-07-22T12:03:59.565,91962396023
smiTemplateid4.xml,tadSyncid3id3.xml,false,3209-08-23T02:58:14.878,3212-07-28T14:30:11.965,92489517087
tmi2.xml,tadSyncid3id3.xml,false,3209-08-23T02:59:05.912,3212-07-31T09:30:21.014,92730675102
tadSyncid2id4.xml,tadSyncid3id3.xml,false,3209-08-23T02:59:57.207,3212-08-01T23:11:33.682,92866296475
tadSyncid5id3.xml,tadSyncid3id3.xml,false,3209-08-23T03:00:50.084,3212-08-02T14:24:16.717,92921006633
tadSyncid3id4.xml,tadSyncid3id3.xml,false,3209-08-23T03:01:41.322,3212-08-06T15:09:41.444,93269280122
tadSyncid0id4.xml,tadSyncid3id3.xml,false,3209-08-23T03:02:32.858,3212-08-09T14:19:16.130,93525403272
tadSyncid1id4.xml,tadSyncid3id3.xml,false,3209-08-23T03:03:25.099,3212-08-11T02:18:24.927,93654899828
tadSyncid4id4.xml,tadSyncid3id3.xml,false,3209-08-23T03:04:17.271,3212-08-11T21:52:56.668,93725319397
tmi13.xml,tadSyncid3id3.xml,false,3209-08-23T03:05:08.598,3212-08-15T12:05:56.657,94035648059
tmi1.xml,tadSyncid3id3.xml,false,3209-08-23T03:06:00.551,3212-08-18T10:34:28.803,94289308252
tadSyncid5id0.xml,tadSyncid3id3.xml,false,3209-08-23T03:06:55.776,3212-08-20T05:22:32.805,94443337029
smiTemplateid1.xml,tadSyncid3id3.xml,false,3209-08-23T03:07:50.811,3212-08-21T02:20:03.358,94518732547
tadSyncid3id0.xml,tadSyncid3id3.xml,false,3209-08-23T03:08:45.710,3212-08-24T06:50:29.708,94794103998
tadSyncid5id5.xml,tadSyncid3id3.xml,false,3209-08-23T03:09:40.192,3212-08-28T10:31:36.886,95152916694
tadSyncid2id0.xml,tadSyncid3id3.xml,false,3209-08-23T03:10:34.886,3212-08-29T09:22:54.099,95235139213
tadSyncid1id5.xml,tadSyncid3id3.xml,false,3209-08-23T03:11:24.527,3212-08-31T15:09:02.863,95428658336
tadSyncid0id0.xml,tadSyncid3id3.xml,false,3209-08-23T03:12:15.780,3212-09-03T10:09:48.767,95669852987
tadSyncid1id0.xml,tadSyncid3id3.xml,false,3209-08-23T03:13:09.622,3212-09-08T06:05:56.493,96087166871
tadSyncid0id5.xml,tadSyncid3id3.xml,false,3209-08-23T03:14:03.877,3212-09-08T11:11:15.252,96105431375
tmi10.xml,tadSyncid3id3.xml,false,3209-08-23T03:14:57.483,3212-09-10T18:14:30.983,96303573500
cxs1.xml,tadSyncid3id3.xml,false,3209-08-23T03:15:47.642,3212-09-14T00:45:07.730,96586160088
tadSyncid5id1.xml,tadSyncid3id3.xml,false,3209-08-23T03:16:40.434,3212-09-17T15:00:03.380,96896602946
tmi11.xml,tadSyncid3id3.xml,false,3209-08-23T03:17:34.604,3212-09-17T17:49:46.193,96906731589
tadSyncid1id2.xml,tadSyncid3id3.xml,false,3209-08-23T03:18:28.494,3212-09-21T01:59:38.671,97195270177
tadSyncid0id2.xml,tadSyncid3id3.xml,false,3209-08-23T03:19:28.942,3212-09-22T20:04:16.488,97346687546
tmi9.xml,tadSyncid3id3.xml,false,3209-08-23T03:20:23.793,3212-09-25T23:43:05.913,97618962120
tadSyncid3id1.xml,tadSyncid3id3.xml,false,3209-08-23T03:21:18.493,3212-09-26T01:04:13.389,97623774896
tadSyncid4id1.xml,tadSyncid3id3.xml,false,3209-08-23T03:22:12.002,3212-09-29T09:40:51.454,97913919452
tmi4.xml,tadSyncid3id3.xml,false,3209-08-23T03:22:59.561,3212-10-01T05:20:59.117,98071079556
ccn2.xml,tadSyncid3id3.xml,false,3209-08-23T03:23:52.439,3212-10-04T00:18:32.331,98312079892
tadSyncid2id1.xml,tadSyncid3id3.xml,false,3209-08-23T03:24:39.327,3212-10-04T02:31:34.293,98320014966
cxs2.xml,tadSyncid3id3.xml,false,3209-08-23T03:25:30.002,3212-10-07T18:52:30.835,98638020833
Collision-avoidance.xml,tadSyncid3id3.xml,false,3209-08-23T03:26:18.868,3212-10-08T14:30:13.294,98708634426
tadSyncid4id3.xml,tadSyncid3id3.xml,false,3209-08-23T03:27:10.539,3212-10-11T08:28:57.151,98946106612
smiTemplateid4.xml,tadSyncid0id3.xml,false,3209-08-23T03:28:04.160,3212-10-11T09:59:32.957,98951488797
tmi2.xml,tadSyncid0id3.xml,false,3209-08-23T03:28:56.542,3212-10-15T13:32:20.106,99309803564
tadSyncid2id4.xml,tadSyncid0id3.xml,false,3209-08-23T03:29:43.594,3212-10-15T23:01:12.345,99343888751
tadSyncid3id4.xml,tadSyncid0id3.xml,false,3209-08-23T03:31:23.798,3212-10-18T23:37:08,99605144202
tadSyncid5id3.xml,tadSyncid0id3.xml,false,3209-08-23T03:30:33.703,3212-10-19T00:37:22.473,99608808770
tadSyncid0id4.xml,tadSyncid0id3.xml,false,3209-08-23T03:32:14.945,3212-10-22T11:39:22.358,99907627413
tadSyncid1id4.xml,tadSyncid0id3.xml,false,3209-08-23T03:33:10.437,3212-10-23T22:03:31.582,100031421145
tmi13.xml,tadSyncid0id3.xml,false,3209-08-23T03:35:21.159,3212-10-26T11:37:40.268,100252939109
tadSyncid4id4.xml,tadSyncid0id3.xml,false,3209-08-23T03:34:01.171,3212-10-26T17:32:24.833,100274303662
tmi1.xml,tadSyncid0id3.xml,false,3209-08-23T03:36:12.041,3212-10-30T01:57:35.256,100567283215
tadSyncid5id0.xml,tadSyncid0id3.xml,false,3209-08-23T03:38:11.110,3212-10-31T05:06:06.215,100664875105
smiTemplateid1.xml,tadSyncid0id3.xml,false,3209-08-23T03:39:13.169,3212-11-03T03:44:57.253,100919144084
tadSyncid3id0.xml,tadSyncid0id3.xml,false,3209-08-23T03:40:04.499,3212-11-03T06:09:27.279,100927762780
tadSyncid5id5.xml,tadSyncid0id3.xml,false,3209-08-23T03:40:55.792,3212-11-06T08:45:36.714,101196280922
tadSyncid2id0.xml,tadSyncid0id3.xml,false,3209-08-23T03:41:50.453,3212-11-07T17:20:36.881,101313526428
tadSyncid1id5.xml,tadSyncid0id3.xml,false,3209-08-23T03:42:49.315,3212-11-10T23:41:14.158,101595504843
tadSyncid0id0.xml,tadSyncid0id3.xml,false,3209-08-23T03:43:43.023,3212-11-11T03:47:08.335,101610205312
tadSyncid1id0.xml,tadSyncid0id3.xml,false,3209-08-23T03:44:36.036,3212-11-14T04:09:04.126,101870668090
tadSyncid0id5.xml,tadSyncid0id3.xml,false,3209-08-23T03:45:28.265,3212-11-15T08:41:33.189,101973364924
tmi10.xml,tadSyncid0id3.xml,false,3209-08-23T03:46:21.249,3212-11-18T22:02:13.316,102280552067
cxs1.xml,tadSyncid0id3.xml,false,3209-08-23T03:47:13.096,3212-11-19T00:35:39.130,102289706034
tadSyncid5id1.xml,tadSyncid0id3.xml,false,3209-08-23T03:48:06.616,3212-11-21T13:06:20.418,102507493802
tmi11.xml,tadSyncid0id3.xml,false,3209-08-23T03:49:40.995,3212-11-22T09:23:15.053,102580414058
tadSyncid1id2.xml,tadSyncid0id3.xml,false,3209-08-23T03:50:43.922,3212-11-26T05:35:36.112,102912292190
tadSyncid0id2.xml,tadSyncid0id3.xml,false,3209-08-23T03:51:34.423,3212-11-26T21:47:08.879,102970534456
tmi9.xml,tadSyncid0id3.xml,false,3209-08-23T03:52:22.377,3212-11-29T03:08:06.672,103162544295
tadSyncid3id1.xml,tadSyncid0id3.xml,false,3209-08-23T03:53:11.780,3212-11-30T09:18:55.920,103271144140
tadSyncid4id1.xml,tadSyncid0id3.xml,false,3209-08-23T03:53:58.154,3212-12-03T23:18:03.058,103580644904
tmi4.xml,tadSyncid0id3.xml,false,3209-08-23T03:54:43.280,3212-12-04T12:23:53.513,103627750233
ccn2.xml,tadSyncid0id3.xml,false,3209-08-23T03:55:31.580,3212-12-06T15:33:48.300,103811896720
tadSyncid2id1.xml,tadSyncid0id3.xml,false,3209-08-23T03:56:17.719,3212-12-07T11:48:36.116,103884738397
cxs2.xml,tadSyncid0id3.xml,false,3209-08-23T03:57:02.441,3212-12-11T14:45:31.227,104240908786
Collision-avoidance.xml,tadSyncid0id3.xml,false,3209-08-23T03:57:47.830,3212-12-12T09:43:32.660,104309144830
tadSyncid4id3.xml,tadSyncid0id3.xml,false,3209-08-23T03:58:34.008,3212-12-14T01:22:35.910,104451841902
tadSyncid3id3.xml,tadSyncid0id3.xml,false,3209-08-23T03:59:20.433,3212-12-15T03:14:59.276,104544938843
smiTemplateid4.xml,tadSyncid2id3.xml,false,3209-08-23T04:00:09.826,3212-12-18T14:03:31.104,104843001278
tmi2.xml,tadSyncid2id3.xml,false,3209-08-23T06:41:37.440,3212-12-19T17:27:14.501,104931937061
tadSyncid2id4.xml,tadSyncid2id3.xml,false,3209-08-23T06:44:16.449,3212-12-21T10:27:45.406,105079408957
tadSyncid5id3.xml,tadSyncid2id3.xml,false,3209-08-23T06:46:09.337,3212-12-22T15:51:46.620,105185137283
tadSyncid3id4.xml,tadSyncid2id3.xml,false,3209-08-23T06:48:34.140,3212-12-26T04:35:54.822,105490040682
tadSyncid0id4.xml,tadSyncid2id3.xml,false,3209-08-23T06:49:26.833,3212-12-27T18:53:18.515,105627831682
tadSyncid1id4.xml,tadSyncid2id3.xml,false,3209-08-23T06:50:13.334,3212-12-29T18:04:14.418,105797641084
tadSyncid4id4.xml,tadSyncid2id3.xml,false,3209-08-23T06:50:54.067,3212-12-30T05:44:51.402,105839637335
tmi13.xml,tadSyncid2id3.xml,false,3209-08-23T06:52:52.435,3213-01-03T15:43:45.496,106221053061
tmi1.xml,tadSyncid2id3.xml,false,3209-08-23T06:54:31.871,3213-01-05T12:26:04.510,106381892639
tadSyncid5id0.xml,tadSyncid2id3.xml,false,3209-08-23T06:55:58.521,3213-01-06T15:02:45.216,106477606695
smiTemplateid1.xml,tadSyncid2id3.xml,false,3209-08-23T06:56:48.303,3213-01-07T02:00:00.243,106516991940
tadSyncid3id0.xml,tadSyncid2id3.xml,false,3209-08-23T06:57:43.686,3213-01-10T21:18:39.841,106845656155
tadSyncid5id5.xml,tadSyncid2id3.xml,false,3209-08-23T06:58:26.671,3213-01-13T22:09:19.140,107107852469
tadSyncid2id0.xml,tadSyncid2id3.xml,false,3209-08-23T06:59:12.861,3213-01-15T06:41:42.407,107224949546
tadSyncid1id5.xml,tadSyncid2id3.xml,false,3209-08-23T06:59:50.855,3213-01-15T10:55:15.113,107240124258
tadSyncid0id0.xml,tadSyncid2id3.xml,false,3209-08-23T07:00:29.796,3213-01-19T10:16:25.874,107583356078
tadSyncid1id0.xml,tadSyncid2id3.xml,false,3209-08-23T07:01:12.043,3213-01-21T10:41:38.715,107757626672
tmi10.xml,tadSyncid2id3.xml,false,3209-08-23T07:02:39.146,3213-01-22T23:18:41.642,107889362496
tadSyncid0id5.xml,tadSyncid2id3.xml,false,3209-08-23T07:02:01.545,3213-01-22T23:33:55.930,107890314385
cxs1.xml,tadSyncid2id3.xml,false,3209-08-23T07:03:17.470,3213-01-27T05:16:06.944,108256369474
tadSyncid5id1.xml,tadSyncid2id3.xml,false,3209-08-23T07:04:11.648,3213-01-29T07:57:47.074,108438815426
tadSyncid1id2.xml,tadSyncid2id3.xml,false,3209-08-23T07:05:30.091,3213-01-31T04:08:48.046,108597797955
tmi11.xml,tadSyncid2id3.xml,false,3209-08-23T07:04:51.342,3213-01-31T10:03:40.751,108619129409
tadSyncid0id2.xml,tadSyncid2id3.xml,false,3209-08-23T07:06:08.197,3213-02-04T15:26:34.732,108984026535
tmi9.xml,tadSyncid2id3.xml,false,3209-08-23T07:06:45.364,3213-02-06T00:11:49.065,109101903701
tadSyncid3id1.xml,tadSyncid2id3.xml,false,3209-08-23T07:07:22.773,3213-02-07T19:09:04.785,109256502012
tadSyncid4id1.xml,tadSyncid2id3.xml,false,3209-08-23T07:08:01.310,3213-02-07T22:37:12.490,109268951180
tmi4.xml,tadSyncid2id3.xml,false,3209-08-23T07:08:38.158,3213-02-12T09:00:36.136,109651917978
ccn2.xml,tadSyncid2id3.xml,false,3209-08-23T07:09:16.259,3213-02-13T02:21:06.876,109714310617
tadSyncid2id1.xml,tadSyncid2id3.xml,false,3209-08-23T07:09:53.826,3213-02-15T00:28:16.083,109880302257
cxs2.xml,tadSyncid2id3.xml,false,3209-08-23T07:10:31.336,3213-02-15T09:40:42.748,109913411412
Collision-avoidance.xml,tadSyncid2id3.xml,false,3209-08-23T07:11:08.401,3213-02-19T18:01:44.737,110289036336
tadSyncid4id3.xml,tadSyncid2id3.xml,false,3209-08-23T07:11:46.840,3213-02-20T10:36:50.892,110348704052
tadSyncid3id3.xml,tadSyncid2id3.xml,false,3209-08-23T07:12:23.176,3213-02-22T09:33:50.684,110517687508
tadSyncid0id3.xml,tadSyncid2id3.xml,false,3209-08-23T07:13:00.091,3213-02-22T23:55:40.173,110569360082
smiTemplateid4.xml,tmi6.xml,false,3209-08-23T07:13:38.971,3213-02-26T16:16:50.921,110887391950
tmi2.xml,tmi6.xml,false,3209-08-23T07:14:15.860,3213-02-28T05:09:12.939,111020097079
tadSyncid2id4.xml,tmi6.xml,false,3209-08-23T07:14:52.366,3213-03-02T01:31:57.724,111179825358
tadSyncid5id3.xml,tmi6.xml,false,3209-08-23T07:15:29.040,3213-03-02T13:47:56.467,111223947427
tadSyncid3id4.xml,tmi6.xml,false,3209-08-23T07:16:05.514,3213-03-06T22:03:46.940,111599261426
tadSyncid0id4.xml,tmi6.xml,false,3209-08-23T07:16:42.417,3213-03-07T18:54:23.317,111674260900
tadSyncid1id4.xml,tmi6.xml,false,3209-08-23T07:17:20.452,3213-03-09T15:44:55.324,111835654872
tadSyncid4id4.xml,tmi6.xml,false,3209-08-23T07:17:57.845,3213-03-10T10:54:36.162,111904598317
tmi13.xml,tmi6.xml,false,3209-08-23T07:18:35.991,3213-03-13T17:33:56.273,112187720282
tmi1.xml,tmi6.xml,false,3209-08-23T07:19:13.367,3213-03-15T05:53:42.713,112318469346
tadSyncid5id0.xml,tmi6.xml,false,3209-08-23T07:19:51.250,3213-03-17T03:29:19.192,112482567942
smiTemplateid1.xml,tmi6.xml,false,3209-08-23T07:20:29.736,3213-03-17T15:42:19.819,112526510083
tadSyncid3id0.xml,tmi6.xml,false,3209-08-23T07:21:08.059,3213-03-21T04:48:49.154,112832861095
tadSyncid5id5.xml,tmi6.xml,false,3209-08-23T07:21:43.593,3213-03-23T06:04:03.645,113010140052
tadSyncid2id0.xml,tmi6.xml,false,3209-08-23T07:22:20.807,3213-03-24T21:25:11.234,113151770427
tadSyncid1id5.xml,tmi6.xml,false,3209-08-23T07:22:59.030,3213-03-25T12:18:29.792,113205330762
tadSyncid0id0.xml,tmi6.xml,false,3209-08-23T07:23:37.150,3213-03-28T18:17:17.713,113486020563
tadSyncid1id0.xml,tmi6.xml,false,3209-08-23T07:24:15.305,3213-03-30T16:09:45.935,113651130630
tadSyncid0id5.xml,tmi6.xml,false,3209-08-23T07:25:28.774,3213-04-01T15:28:06.760,113817757986
tmi10.xml,tmi6.xml,false,3209-08-23T07:26:24.759,3213-04-02T01:24:16.353,113853471594
cxs1.xml,tmi6.xml,false,3209-08-23T07:27:05.030,3213-04-05T01:17:58.390,114112253360
tadSyncid5id1.xml,tmi6.xml,false,3209-08-23T07:27:44.027,3213-04-07T19:12:55.262,114349511235
tmi11.xml,tmi6.xml,false,3209-08-23T07:28:22.566,3213-04-09T02:07:33.207,114460750641
tadSyncid1id2.xml,tmi6.xml,false,3209-08-23T07:28:59.921,3213-04-10T00:01:47.174,114539567253
tadSyncid0id2.xml,tmi6.xml,false,3209-08-23T07:29:53.246,3213-04-12T10:07:44.503,114748671257
tmi9.xml,tmi6.xml,false,3209-08-23T07:30:31.482,3213-04-14T23:41:20.079,114970248597
tadSyncid3id1.xml,tmi6.xml,false,3209-08-23T07:31:07.766,3213-04-16T08:55:07.812,115089840046
tadSyncid4id1.xml,tmi6.xml,false,3209-08-23T07:31:43.635,3213-04-17T13:43:20.898,115193497263
tmi4.xml,tmi6.xml,false,3209-08-23T07:32:18.711,3213-04-19T14:30:14.302,115369075591
ccn2.xml,tmi6.xml,false,3209-08-23T07:32:51.283,3213-04-22T09:17:23.094,115609471811
tadSyncid2id1.xml,tmi6.xml,false,3209-08-23T07:33:24.608,3213-04-24T03:11:17.647,115760273039
cxs2.xml,tmi6.xml,false,3209-08-23T07:34:01.215,3213-04-24T13:12:07.320,115796286105
Collision-avoidance.xml,tmi6.xml,false,3209-08-23T07:34:36.115,3213-04-27T05:53:28.673,116029132558
tadSyncid4id3.xml,tmi6.xml,false,3209-08-23T07:35:13.060,3213-04-30T07:52:29.481,116295436421
tadSyncid3id3.xml,tmi6.xml,false,3209-08-23T07:35:49.473,3213-05-01T16:17:29.085,116412099612
tadSyncid0id3.xml,tmi6.xml,false,3209-08-23T07:36:30.091,3213-05-01T20:24:44.793,116426894702
tadSyncid2id3.xml,tmi6.xml,false,3209-08-23T07:37:34.403,3213-05-04T19:22:32.635,116682298232
smiTemplateid4.xml,tadSyncid5id2.xml,false,3209-08-23T07:38:13.651,3213-05-08T00:13:40.415,116958926764
tadSyncid2id4.xml,tadSyncid5id2.xml,false,3209-08-23T07:39:37.388,3213-05-09T07:25:51.958,117071174570
tmi2.xml,tadSyncid5id2.xml,false,3209-08-23T07:38:55.496,3213-05-09T07:32:19.283,117071603787
tadSyncid5id3.xml,tadSyncid5id2.xml,false,3209-08-23T07:40:12.300,3213-05-12T05:42:03.224,117324110924
tadSyncid3id4.xml,tadSyncid5id2.xml,false,3209-08-23T07:40:56.118,3213-05-15T16:43:54.403,117622978285
tadSyncid1id4.xml,tadSyncid5id2.xml,false,3209-08-23T07:41:58.034,3213-05-15T20:08:13.196,117635175162
tadSyncid0id4.xml,tadSyncid5id2.xml,false,3209-08-23T07:41:27.613,3213-05-16T10:11:01.232,117685773619
tadSyncid4id4.xml,tadSyncid5id2.xml,false,3209-08-23T07:42:27.087,3213-05-19T04:24:33.489,117924126402
tmi13.xml,tadSyncid5id2.xml,false,3209-08-23T07:43:09.636,3213-05-22T14:13:40.955,118218631319
tmi1.xml,tadSyncid5id2.xml,false,3209-08-23T07:43:42.418,3213-05-22T21:14:55.422,118243873004
tadSyncid5id0.xml,tadSyncid5id2.xml,false,3209-08-23T07:44:15.428,3213-05-24T02:40:21.898,118349766470
smiTemplateid1.xml,tadSyncid5id2.xml,false,3209-08-23T07:44:47.953,3213-05-26T11:59:40.129,118556092176
tadSyncid3id0.xml,tadSyncid5id2.xml,false,3209-08-23T07:45:20.809,3213-05-29T12:01:43.710,118815382901
tadSyncid5id5.xml,tadSyncid5id2.xml,false,3209-08-23T07:45:54.158,3213-05-30T03:18:50.158,118870376000
tadSyncid2id0.xml,tadSyncid5id2.xml,false,3209-08-23T07:46:34.919,3213-05-31T07:20:16.375,118971221456
tadSyncid1id5.xml,tadSyncid5id2.xml,false,3209-08-23T07:47:15.073,3213-06-02T15:48:31.292,119174476219
tadSyncid0id0.xml,tadSyncid5id2.xml,false,3209-08-23T07:47:49.623,3213-06-06T04:12:20.778,119478271155
tadSyncid1id0.xml,tadSyncid5id2.xml,false,3209-08-23T07:48:28.534,3213-06-06T11:06:10.381,119503061847
tadSyncid0id5.xml,tadSyncid5id2.xml,false,3209-08-23T07:49:04.474,3213-06-07T10:12:48.096,119586223622
tmi10.xml,tadSyncid5id2.xml,false,3209-08-23T07:49:44.507,3213-06-09T16:38:58.972,119782154465
cxs1.xml,tadSyncid5id2.xml,false,3209-08-23T07:50:23.899,3213-06-13T11:09:37.298,120107953399
tadSyncid5id1.xml,tadSyncid5id2.xml,false,3209-08-23T07:50:59.567,3213-06-14T03:56:56.089,120168356522
tmi11.xml,tadSyncid5id2.xml,false,3209-08-23T07:51:35.790,3213-06-14T15:28:12.862,120209797072
tadSyncid1id2.xml,tadSyncid5id2.xml,false,3209-08-23T07:52:12.835,3213-06-16T19:47:59.523,120398146688
tadSyncid0id2.xml,tadSyncid5id2.xml,false,3209-08-23T07:52:48.454,3213-06-20T11:38:00.797,120714312343
tmi9.xml,tadSyncid5id2.xml,false,3209-08-23T07:53:25.217,3213-06-20T20:46:44.209,120747198992
tadSyncid3id1.xml,tadSyncid5id2.xml,false,3209-08-23T07:54:02.326,3213-06-22T00:46:38.848,120847956522
tadSyncid4id1.xml,tadSyncid5id2.xml,false,3209-08-23T07:54:40.275,3213-06-24T03:12:51.606,121029491331
tmi4.xml,tadSyncid5id2.xml,false,3209-08-23T07:55:13.569,3213-06-27T07:47:05.588,121305112019
ccn2.xml,tadSyncid5id2.xml,false,3209-08-23T07:55:45.174,3213-06-27T23:36:28.584,121362043410
tadSyncid2id1.xml,tadSyncid5id2.xml,false,3209-08-23T07:56:19.386,3213-06-29T08:11:08.530,121479289144
cxs2.xml,tadSyncid5id2.xml,false,3209-08-23T07:56:55.406,3213-07-01T06:06:25.772,121644570366
Collision-avoidance.xml,tadSyncid5id2.xml,false,3209-08-23T07:57:53.570,3213-07-04T18:50:55.591,121949582021
tadSyncid4id3.xml,tadSyncid5id2.xml,false,3209-08-23T07:58:30.529,3213-07-05T12:29:05.672,122013035143
tadSyncid3id3.xml,tadSyncid5id2.xml,false,3209-08-23T07:59:07.089,3213-07-06T22:23:00.948,122135033859
tadSyncid0id3.xml,tadSyncid5id2.xml,false,3209-08-23T07:59:41.658,3213-07-08T17:13:57.267,122289255609
tadSyncid2id3.xml,tadSyncid5id2.xml,false,3209-08-23T08:00:14.183,3213-07-11T22:27:43.944,122567249761
tmi6.xml,tadSyncid5id2.xml,false,3209-08-23T08:00:49.286,3213-07-12T11:06:50.452,122612761166
smiTemplateid4.xml,ccn1.xml,false,3209-08-23T08:01:23.713,3213-07-13T21:33:19.691,122736715978
tmi2.xml,ccn1.xml,false,3209-08-23T08:01:58.820,3213-07-15T19:32:50.023,122902251203
tadSyncid5id3.xml,ccn1.xml,false,3209-08-23T08:03:09.188,3213-07-19T13:03:09.234,123224400046
tadSyncid2id4.xml,ccn1.xml,false,3209-08-23T08:02:33.193,3213-07-19T15:20:57.872,123232704679
tadSyncid3id4.xml,ccn1.xml,false,3209-08-23T08:03:43.657,3213-07-21T09:10:15.245,123383191588
tadSyncid0id4.xml,ccn1.xml,false,3209-08-23T08:04:14.354,3213-07-23T11:10:54.938,123563200584
tadSyncid4id4.xml,ccn1.xml,false,3209-08-23T08:05:20.027,3213-07-27T11:29:27.652,123909847625
tadSyncid1id4.xml,ccn1.xml,false,3209-08-23T08:04:45.428,3213-07-27T15:15:02.311,123923416883
tmi13.xml,ccn1.xml,false,3209-08-23T08:05:54.068,3213-07-29T06:00:53.374,124062899306
tmi1.xml,ccn1.xml,false,3209-08-23T08:06:26.493,3213-07-31T02:11:51.318,124221924825
smiTemplateid1.xml,ccn1.xml,false,3209-08-23T08:07:34.323,3213-08-03T23:53:23.936,124559149613
tadSyncid5id0.xml,ccn1.xml,false,3209-08-23T08:07:00.015,3213-08-04T11:04:01.997,124599421982
tadSyncid3id0.xml,ccn1.xml,false,3209-08-23T08:08:08.304,3213-08-05T12:26:31.755,124690703451
tadSyncid5id5.xml,ccn1.xml,false,3209-08-23T08:08:43.098,3213-08-07T04:04:01.946,124833318848
tadSyncid2id0.xml,ccn1.xml,false,3209-08-23T08:09:21.615,3213-08-11T05:15:18.818,125183157203
tadSyncid1id5.xml,ccn1.xml,false,3209-08-23T08:09:57.444,3213-08-11T18:50:45.731,125232048287
tadSyncid0id0.xml,ccn1.xml,false,3209-08-23T08:15:51.566,3213-08-13T02:09:46.350,125344434784
tadSyncid1id0.xml,ccn1.xml,false,3209-08-23T08:16:52.004,3213-08-14T18:19:43.815,125488971811
tadSyncid0id5.xml,ccn1.xml,false,3209-08-23T08:17:30.769,3213-08-18T22:00:49.904,125847799135
tmi10.xml,ccn1.xml,false,3209-08-23T08:18:05.891,3213-08-19T09:13:20.857,125888114966
cxs1.xml,ccn1.xml,false,3209-08-23T08:18:42.707,3213-08-20T20:40:35.614,126015712907
tadSyncid5id1.xml,ccn1.xml,false,3209-08-23T08:19:19.905,3213-08-22T12:25:29.027,126158769122
tmi11.xml,ccn1.xml,false,3209-08-23T08:19:54.067,3213-08-26T06:14:35.536,126482081469
tadSyncid1id2.xml,ccn1.xml,false,3209-08-23T08:20:27.847,3213-08-26T15:52:16.999,126516709152
tadSyncid0id2.xml,ccn1.xml,false,3209-08-23T08:21:01.730,3213-08-28T04:32:21.493,126648679763
tmi9.xml,ccn1.xml,false,3209-08-23T08:21:37.433,3213-08-29T07:49:09.282,126746851849
tadSyncid3id1.xml,ccn1.xml,false,3209-08-23T08:22:24.278,3213-09-02T13:19:37.875,127112233597
tadSyncid4id1.xml,ccn1.xml,false,3209-08-23T08:23:28.689,3213-09-02T17:04:38.304,127125669615
tmi4.xml,ccn1.xml,false,3209-08-23T08:24:04.957,3213-09-04T06:15:08.568,127259463611
ccn2.xml,ccn1.xml,true,3209-08-23T08:24:38.641,3213-09-06T01:28:24.365,127415025724
tadSyncid2id1.xml,ccn1.xml,false,3209-08-23T08:25:11.249,3213-09-09T16:21:57.377,127727806128
cxs2.xml,ccn1.xml,false,3209-08-23T08:25:44.995,3213-09-10T02:09:32.533,127763027538
Collision-avoidance.xml,ccn1.xml,true,3209-08-23T08:26:15.577,3213-09-11T06:44:55.660,127865920083
tadSyncid4id3.xml,ccn1.xml,false,3209-08-23T08:26:48.594,3213-09-13T03:44:58.278,128027889684
tadSyncid3id3.xml,ccn1.xml,false,3209-08-23T08:27:19.513,3213-09-17T12:43:41.394,128405781881
tadSyncid0id3.xml,ccn1.xml,false,3209-08-23T08:27:53.219,3213-09-17T16:31:38.674,128419425455
tadSyncid2id3.xml,ccn1.xml,false,3209-08-23T08:28:34.295,3213-09-18T19:07:08.337,128515114042
tmi6.xml,ccn1.xml,false,3209-08-23T08:29:05.781,3213-09-20T10:27:59.843,128656734062
smiTemplateid4.xml,tadSyncid3id2.xml,false,3209-08-23T08:30:22.770,3213-09-24T18:48:56.118,129032313348
tadSyncid5id2.xml,ccn1.xml,false,3209-08-23T08:29:47.708,3213-09-25T08:29:38.270,129081590562
tmi2.xml,tadSyncid3id2.xml,false,3209-08-23T08:30:58.360,3213-09-25T22:40:10.459,129132552099
tadSyncid2id4.xml,tadSyncid3id2.xml,false,3209-08-23T08:31:32.008,3213-09-28T06:17:59.313,129332787305
tadSyncid5id3.xml,tadSyncid3id2.xml,false,3209-08-23T08:32:06.978,3213-10-01T18:42:39.865,129636632887
tadSyncid3id4.xml,tadSyncid3id2.xml,false,3209-08-23T08:32:42.480,3213-10-02T15:21:39.477,129710936997
tadSyncid0id4.xml,tadSyncid3id2.xml,false,3209-08-23T08:33:16.050,3213-10-03T11:14:53.971,129782497921
tadSyncid1id4.xml,tadSyncid3id2.xml,false,3209-08-23T08:33:48.565,3213-10-05T19:45:36.945,129985908380
tadSyncid4id4.xml,tadSyncid3id2.xml,false,3209-08-23T08:34:23.196,3213-10-08T21:59:15.389,130253092193
tmi13.xml,tadSyncid3id2.xml,false,3209-08-23T08:34:58.696,3213-10-09T13:53:34.881,130310316185
tmi1.xml,tadSyncid3id2.xml,false,3209-08-23T08:35:58.064,3213-10-11T00:10:40.503,130433682439
tadSyncid5id0.xml,tadSyncid3id2.xml,false,3209-08-23T08:36:36.457,3213-10-12T09:35:12.664,130553916207
smiTemplateid1.xml,tadSyncid3id2.xml,false,3209-08-23T08:37:12.786,3213-10-16T02:29:14.678,130873921892
tadSyncid3id0.xml,tadSyncid3id2.xml,false,3209-08-23T08:37:49.252,3213-10-17T00:37:11.212,130953561960
tadSyncid5id5.xml,tadSyncid3id2.xml,false,3209-08-23T08:38:26.071,3213-10-17T23:36:35.247,131036289176
tadSyncid2id0.xml,tadSyncid3id2.xml,false,3209-08-23T08:39:02.447,3213-10-20T02:59:15.791,131221213344
tadSyncid1id5.xml,tadSyncid3id2.xml,false,3209-08-23T08:39:35.411,3213-10-23T18:13:26.469,131535231058
tadSyncid0id0.xml,tadSyncid3id2.xml,false,3209-08-23T08:40:16.957,3213-10-24T19:31:21.484,131626264527
tadSyncid1id0.xml,tadSyncid3id2.xml,false,3209-08-23T08:40:52.779,3213-10-25T12:20:03.147,131686750368
tadSyncid0id5.xml,tadSyncid3id2.xml,false,3209-08-23T08:41:27.769,3213-10-27T06:36:10.117,131842482348
tmi10.xml,tadSyncid3id2.xml,false,3209-08-23T08:41:59.545,3213-10-30T23:26:13.265,132162253720
cxs1.xml,tadSyncid3id2.xml,false,3209-08-23T08:42:31.497,3213-10-31T17:43:44.419,132228072922
tadSyncid5id1.xml,tadSyncid3id2.xml,false,3209-08-23T08:43:05.496,3213-11-01T17:24:23.747,132313278251
tmi11.xml,tadSyncid3id2.xml,false,3209-08-23T08:43:39.669,3213-11-03T22:35:57.580,132504737911
tadSyncid1id2.xml,tadSyncid3id2.xml,false,3209-08-23T08:44:13.345,3213-11-07T02:28:57.721,132777884376
tadSyncid0id2.xml,tadSyncid3id2.xml,false,3209-08-23T08:44:46.812,3213-11-07T21:57:12.300,132847945488
tmi9.xml,tadSyncid3id2.xml,false,3209-08-23T08:45:18.898,3213-11-09T01:46:47.464,132948088566
tadSyncid3id1.xml,tadSyncid3id2.xml,false,3209-08-23T08:45:52.437,3213-11-11T12:19:49.577,133158837140
tadSyncid4id1.xml,tadSyncid3id2.xml,false,3209-08-23T08:46:28.541,3213-11-14T14:03:54.716,133424246175
tmi4.xml,tadSyncid3id2.xml,false,3209-08-23T08:47:03.483,3213-11-15T14:03:43.315,133510599832
ccn2.xml,tadSyncid3id2.xml,false,3209-08-23T08:47:36.225,3213-11-16T11:05:42.066,133586285841
tadSyncid2id1.xml,tadSyncid3id2.xml,false,3209-08-23T08:48:10.096,3213-11-18T23:18:20.989,133803010893
cxs2.xml,tadSyncid3id2.xml,false,3209-08-23T08:48:49.554,3213-11-22T02:19:30.032,134073040478
Collision-avoidance.xml,tadSyncid3id2.xml,false,3209-08-23T08:49:27.297,3213-11-22T21:40:51.958,134142684661
tadSyncid4id3.xml,tadSyncid3id2.xml,false,3209-08-23T08:50:02.363,3213-11-24T04:50:48.391,134254846028
tadSyncid3id3.xml,tadSyncid3id2.xml,false,3209-08-23T08:50:34.017,3213-11-26T14:54:57.571,134463863554
tadSyncid0id3.xml,tadSyncid3id2.xml,false,3209-08-23T08:51:09.191,3213-11-29T04:41:49.675,134686240484
tadSyncid2id3.xml,tadSyncid3id2.xml,false,3209-08-23T08:51:42.812,3213-11-30T03:13:12.666,134767289854
tmi6.xml,tadSyncid3id2.xml,false,3209-08-23T08:52:17.147,3213-12-01T13:53:36.952,134892079805
tadSyncid5id2.xml,tadSyncid3id2.xml,false,3209-08-23T08:53:12.494,3213-12-03T21:29:10.711,135092158217
ccn1.xml,tadSyncid3id2.xml,false,3209-08-23T08:53:52.570,3213-12-06T10:47:32.636,135312820066
smiTemplateid4.xml,tmi12.xml,false,3209-08-23T08:54:31.384,3213-12-06T21:35:19.424,135351648040
tmi2.xml,tmi12.xml,false,3209-08-23T08:55:10.234,3213-12-08T22:32:14.335,135527824101
tadSyncid2id4.xml,tmi12.xml,false,3209-08-23T08:55:46.142,3213-12-11T05:46:08.579,135726622437
tadSyncid5id3.xml,tmi12.xml,false,3209-08-23T08:56:23.366,3213-12-13T05:48:44.552,135899541186
tadSyncid3id4.xml,tmi12.xml,false,3209-08-23T08:57:02.821,3213-12-14T02:29:38.436,135973955615
tadSyncid0id4.xml,tmi12.xml,false,3209-08-23T08:57:35.428,3213-12-16T08:45:17.854,136169262426
tadSyncid1id4.xml,tmi12.xml,false,3209-08-23T08:58:06.846,3213-12-18T20:02:37.143,136382670297
tadSyncid4id4.xml,tmi12.xml,false,3209-08-23T08:58:38.456,3213-12-20T06:01:17.449,136504958993
tmi13.xml,tmi12.xml,false,3209-08-23T08:59:09.055,3213-12-21T01:09:32.710,136573823655
tmi1.xml,tmi12.xml,false,3209-08-23T08:59:40.285,3213-12-23T18:46:09.684,136809989399
tadSyncid5id0.xml,tmi12.xml,false,3209-08-23T09:00:12.158,3213-12-26T00:57:51.280,137005059122
tadSyncid3id0.xml,tmi12.xml,false,3209-08-23T09:01:17.648,3213-12-27T18:44:00.844,137155363196
smiTemplateid1.xml,tmi12.xml,false,3209-08-23T09:00:43.111,3213-12-27T21:39:54.574,137165951463
tadSyncid5id5.xml,tmi12.xml,false,3209-08-23T09:01:51.518,3213-12-30T19:54:23.985,137418752467
tadSyncid2id0.xml,tmi12.xml,false,3209-08-23T09:02:33.843,3214-01-01T23:43:40.480,137605266637
tadSyncid1id5.xml,tmi12.xml,false,3209-08-23T09:03:08.433,3214-01-03T19:34:29.078,137763080645
tadSyncid0id0.xml,tmi12.xml,false,3209-08-23T09:03:43.145,3214-01-03T23:07:08.196,137775805051
tadSyncid1id0.xml,tmi12.xml,false,3209-08-23T09:04:17.434,3214-01-07T10:28:46.096,138075868662
tadSyncid0id5.xml,tmi12.xml,false,3209-08-23T09:04:52.861,3214-01-09T10:44:18.278,138249565417
tmi10.xml,tmi12.xml,false,3209-08-23T09:05:27.849,3214-01-11T05:32:03.238,138403595389
cxs1.xml,tmi12.xml,false,3209-08-23T09:06:04.958,3214-01-11T10:00:21.559,138419656601
tadSyncid5id1.xml,tmi12.xml,false,3209-08-23T09:06:40.634,3214-01-14T07:58:24.431,138671503797
tmi11.xml,tmi12.xml,false,3209-08-23T09:07:17.017,3214-01-16T23:38:30.293,138900673276
tadSyncid1id2.xml,tmi12.xml,false,3209-08-23T09:07:52.169,3214-01-18T11:38:26.438,139030234269
tadSyncid0id2.xml,tmi12.xml,false,3209-08-23T09:08:26.948,3214-01-18T19:23:31.703,139058104755
tmi9.xml,tmi12.xml,false,3209-08-23T09:09:03.514,3214-01-21T11:50:41.367,139290097853
tadSyncid3id1.xml,tmi12.xml,false,3209-08-23T09:09:40.722,3214-01-24T02:27:39.338,139515478616
tadSyncid4id1.xml,tmi12.xml,false,3209-08-23T09:10:16.213,3214-01-25T06:28:29.489,139616293276
tmi4.xml,tmi12.xml,false,3209-08-23T09:10:54.525,3214-01-25T22:32:54.741,139674120216
ccn2.xml,tmi12.xml,false,3209-08-23T09:11:31.267,3214-01-28T14:42:47.322,139905076055
tadSyncid2id1.xml,tmi12.xml,false,3209-08-23T09:12:05.319,3214-01-31T06:12:11.546,140133606227
cxs2.xml,tmi12.xml,false,3209-08-23T09:12:42.327,3214-02-02T02:30:46.474,140293084147
Collision-avoidance.xml,tmi12.xml,false,3209-08-23T09:13:16.660,3214-02-02T07:13:48.119,140310031459
tadSyncid4id3.xml,tmi12.xml,false,3209-08-23T09:13:55.725,3214-02-05T04:52:38.983,140560723258
tadSyncid3id3.xml,tmi12.xml,false,3209-08-23T09:14:37.065,3214-02-07T03:46:46.166,140729529101
tadSyncid0id3.xml,tmi12.xml,false,3209-08-23T09:15:10.269,3214-02-09T04:01:43.440,140903193171
tadSyncid2id3.xml,tmi12.xml,false,3209-08-23T09:15:43.139,3214-02-09T18:05:51.132,140953807993
tmi6.xml,tmi12.xml,false,3209-08-23T09:16:19.425,3214-02-12T15:05:58.078,141202178653
tadSyncid5id2.xml,tmi12.xml,false,3209-08-23T09:16:54.064,3214-02-14T09:21:38.062,141354283998
ccn1.xml,tmi12.xml,false,3209-08-23T09:18:18.912,3214-02-16T00:38:37.014,141495618102
tadSyncid3id2.xml,tmi12.xml,false,3209-08-23T09:18:59.818,3214-02-16T07:31:54.840,141520375022
