commLoc_2.xml,BAwCC.xml,false,2023-06-13T00:41:48.985,2023-06-13T00:41:49.095,110
commLoc_5.xml,BAwCC.xml,false,2023-06-13T00:41:48.985,2023-06-13T00:41:49.132,147
commLoc_3.xml,BAwCC.xml,false,2023-06-13T00:41:48.984,2023-06-13T00:41:58.966,9982
urgLoc_1.xml,BAwCC.xml,false,2023-06-13T00:41:48.984,2023-06-13T00:41:59.713,10729
urgLoc_4.xml,BAwCC.xml,false,2023-06-13T00:41:48.984,2023-06-13T00:41:59.748,10764
urgLoc_2.xml,BAwCC.xml,false,2023-06-13T00:41:48.984,2023-06-13T00:42:00.251,11267
commLoc_1.xml,BAwCC.xml,false,2023-06-13T00:41:48.976,2023-06-13T00:42:00.278,11302
commLoc_0.xml,BAwCC.xml,false,2023-06-13T00:41:48.985,2023-06-13T00:42:08.943,19958
commLoc_4.xml,BAwCC.xml,false,2023-06-13T00:41:48.985,2023-06-13T00:42:10.194,21209
urgLoc_0.xml,BAwCC.xml,false,2023-06-13T00:41:48.985,2023-06-13T00:42:10.226,21241
urgChan_tau.xml,BAwCC.xml,false,2023-06-13T00:41:48.985,2023-06-13T00:42:10.651,21666
urgLoc_3.xml,BAwCC.xml,false,2023-06-13T00:41:48.985,2023-06-13T00:42:10.913,21928
urgLoc_5.xml,BAwCC.xml,false,2023-06-13T00:41:48.985,2023-06-13T00:42:14.570,25585
