urgLoc_1.xml,2doors.xml,false,2023-06-04T13:42:37.873,2023-06-04T13:42:38.414,541
urgLoc_2.xml,2doors.xml,false,2023-06-04T13:42:37.873,2023-06-04T13:42:38.428,555
commLoc_1.xml,2doors.xml,false,2023-06-04T13:42:37.869,2023-06-04T13:42:38.419,550
commLoc_3.xml,2doors.xml,false,2023-06-04T13:42:37.873,2023-06-04T13:42:38.419,546
commLoc_7.xml,2doors.xml,false,2023-06-04T13:42:37.873,2023-06-04T13:42:38.442,569
commLoc_6.xml,2doors.xml,false,2023-06-04T13:42:37.873,2023-06-04T13:42:38.925,1052
urgLoc_4.xml,2doors.xml,false,2023-06-04T13:42:37.873,2023-06-04T13:42:38.939,1066
urgLoc_0.xml,2doors.xml,false,2023-06-04T13:42:37.873,2023-06-04T13:42:38.939,1066
urgLoc_7.xml,2doors.xml,false,2023-06-04T13:42:37.873,2023-06-04T13:42:38.943,1070
commLoc_0.xml,2doors.xml,false,2023-06-04T13:42:37.873,2023-06-04T13:42:38.957,1084
commLoc_4.xml,2doors.xml,false,2023-06-04T13:42:37.873,2023-06-04T13:42:39.461,1588
commLoc_2.xml,2doors.xml,false,2023-06-04T13:42:37.874,2023-06-04T13:42:39.496,1622
commLoc_5.xml,2doors.xml,false,2023-06-04T13:42:37.874,2023-06-04T13:42:39.504,1630
urgLoc_6.xml,2doors.xml,false,2023-06-04T13:42:37.874,2023-06-04T13:42:39.505,1631
urgLoc_3.xml,2doors.xml,false,2023-06-04T13:42:37.874,2023-06-04T13:42:39.513,1639
urgChan_tau.xml,2doors.xml,false,2023-06-04T13:42:37.874,2023-06-04T13:42:39.744,1870
urgLoc_5.xml,2doors.xml,false,2023-06-04T13:42:37.874,2023-06-04T13:42:39.820,1946
commLoc_1.xml,2doors.xml,false,2023-06-04T13:45:11.310,2023-06-04T13:45:11.818,508
commLoc_7.xml,2doors.xml,false,2023-06-04T13:45:11.314,2023-06-04T13:45:11.843,529
commLoc_3.xml,2doors.xml,false,2023-06-04T13:45:11.313,2023-06-04T13:45:11.843,530
urgLoc_1.xml,2doors.xml,false,2023-06-04T13:45:11.313,2023-06-04T13:45:11.853,540
urgLoc_2.xml,2doors.xml,false,2023-06-04T13:45:11.314,2023-06-04T13:45:11.859,545
commLoc_6.xml,2doors.xml,false,2023-06-04T13:45:11.314,2023-06-04T13:45:12.308,994
commLoc_0.xml,2doors.xml,false,2023-06-04T13:45:11.314,2023-06-04T13:45:12.314,1000
urgLoc_4.xml,2doors.xml,false,2023-06-04T13:45:11.314,2023-06-04T13:45:12.320,1006
urgLoc_0.xml,2doors.xml,false,2023-06-04T13:45:11.314,2023-06-04T13:45:12.409,1095
urgLoc_7.xml,2doors.xml,false,2023-06-04T13:45:11.314,2023-06-04T13:45:12.420,1106
urgLoc_3.xml,2doors.xml,false,2023-06-04T13:45:11.314,2023-06-04T13:45:12.828,1514
commLoc_5.xml,2doors.xml,false,2023-06-04T13:45:11.314,2023-06-04T13:45:12.888,1574
commLoc_4.xml,2doors.xml,false,2023-06-04T13:45:11.314,2023-06-04T13:45:12.890,1576
commLoc_2.xml,2doors.xml,false,2023-06-04T13:45:11.314,2023-06-04T13:45:12.922,1608
urgLoc_6.xml,2doors.xml,false,2023-06-04T13:45:11.314,2023-06-04T13:45:12.973,1659
urgLoc_5.xml,2doors.xml,false,2023-06-04T13:45:11.314,2023-06-04T13:45:13.247,1933
urgChan_tau.xml,2doors.xml,false,2023-06-04T13:45:11.314,2023-06-04T13:45:13.262,1948
commLoc_1.xml,2doors.xml,false,2023-06-04T13:49:46.351,2023-06-04T13:49:46.867,516
commLoc_3.xml,2doors.xml,false,2023-06-04T13:49:46.357,2023-06-04T13:49:46.886,529
urgLoc_1.xml,2doors.xml,false,2023-06-04T13:49:46.358,2023-06-04T13:49:46.907,549
commLoc_7.xml,2doors.xml,false,2023-06-04T13:49:46.358,2023-06-04T13:49:46.907,549
urgLoc_2.xml,2doors.xml,false,2023-06-04T13:49:46.358,2023-06-04T13:49:46.999,641
commLoc_0.xml,2doors.xml,false,2023-06-04T13:49:46.361,2023-06-04T13:49:47.411,1050
urgLoc_7.xml,2doors.xml,false,2023-06-04T13:49:46.361,2023-06-04T13:49:47.445,1084
commLoc_6.xml,2doors.xml,false,2023-06-04T13:49:46.361,2023-06-04T13:49:47.457,1096
urgLoc_4.xml,2doors.xml,false,2023-06-04T13:49:46.360,2023-06-04T13:49:47.470,1110
urgLoc_0.xml,2doors.xml,false,2023-06-04T13:49:46.361,2023-06-04T13:49:47.487,1126
commLoc_4.xml,2doors.xml,false,2023-06-04T13:49:46.361,2023-06-04T13:49:47.976,1615
commLoc_5.xml,2doors.xml,false,2023-06-04T13:49:46.361,2023-06-04T13:49:47.982,1621
urgLoc_3.xml,2doors.xml,false,2023-06-04T13:49:46.361,2023-06-04T13:49:47.985,1624
commLoc_2.xml,2doors.xml,false,2023-06-04T13:49:46.361,2023-06-04T13:49:47.996,1635
urgChan_tau.xml,2doors.xml,false,2023-06-04T13:49:46.361,2023-06-04T13:49:47.997,1636
urgLoc_5.xml,2doors.xml,false,2023-06-04T13:49:46.361,2023-06-04T13:49:48.339,1978
urgLoc_6.xml,2doors.xml,false,2023-06-04T13:49:46.361,2023-06-04T13:49:48.339,1978
